priority_rank,priority_score,school,focus_track,focus_rows,missing_total,max_missing_in_row,rows_with_note_in_name,rows_not_marked_latest,sample_to_verify,official_guide_link,suggested_action
1,126,東京都立大学,mixed,18,40,3,0,0,東京都立大学システムディザイン学部 -> 具体学部PDF | EJU必要科目 | 第二次选考/校内考/面试 内容 || 東京都立大学理学部 -> 具体学部PDF | EJU必要科目 | 第二次选考/校内考/面试 内容 || 東京都立大学都市環境学部 -> 具体学部PDF | EJU必要科目 | 第二次选考/校内考/面试 内容,https://www.tmu.ac.jp/entrance/faculty/application_guideline.html,先核对外国人留学生学部清单与文科科目要求，再补齐关键日期字段
2,114,福岡大学,mixed,17,34,6,0,0,福岡大学 -> 是否招收留学生 | EJU必要科目 | 是否需要英语成绩 | 出愿开始日期 | 出愿结束日期 | 第二次选考/校内考/面试 内容 || 医学科 -> 出愿开始日期 | 出愿结束日期 | 第二次选考/校内考/面试 内容 || 医学部 -> EJU必要科目 | 出愿开始日期 | 出愿结束日期,https://www.kokusai.fukuoka-u.ac.jp/inbound/undergraduate/undergraduate_admission/exam/,先核对外国人留学生学部清单与文科科目要求，再补齐关键日期字段
3,108,熊本大学,mixed,7,32,6,0,0,熊本大学 -> 具体学部PDF | EJU必要科目 | 是否需要英语成绩 | 出愿开始日期 | 出愿结束日期 | 第二次选考/校内考/面试 内容 || 熊本大学共創学環 -> EJU必要科目 | 是否需要英语成绩 | 出愿开始日期 | 出愿结束日期 | 第二次选考/校内考/面试 内容 || 熊本大学情報融合学環 -> EJU必要科目 | 是否需要英语成绩 | 出愿开始日期 | 出愿结束日期 | 第二次选考/校内考/面试 内容,https://www.kumamoto-u.ac.jp/nyuushi/gakubunyushi/gakuseibosyuyoukoutou#shihi,先核对外国人留学生学部清单与文科科目要求，再补齐关键日期字段
4,91,順天堂大学,mixed,9,25,7,1,0,順天堂大学 -> 具体学部PDF | 是否招收留学生 | EJU必要科目 | 是否需要英语成绩 | 出愿开始日期 | 出愿结束日期 | 第二次选考/校内考/面试 内容 || 保健医療学部 -> EJU必要科目 | 出愿开始日期 | 出愿结束日期 | 第二次选考/校内考/面试 内容 || 保健看護学部 -> EJU必要科目 | 出愿开始日期 | 出愿结束日期 | 第二次选考/校内考/面试 内容,https://www.juntendo.ac.jp/admission/exam/nyushi/med/exam_info/boshu_youkou.html,先核对外国人留学生学部清单与文科科目要求，再补齐关键日期字段
5,85,金沢大学,mixed,18,25,5,0,0,金沢大学 -> 具体学部PDF | 是否招收留学生 | EJU必要科目 | 是否需要英语成绩 | 第二次选考/校内考/面试 内容 || 金沢大学医薬保健学域 -> EJU必要科目 | 第二次选考/校内考/面试 内容 || 金沢大学理工学域 -> EJU必要科目 | 第二次选考/校内考/面试 内容,https://www.kanazawa-u.ac.jp/admission/boshuyoko,先核对外国人留学生学部清单与文科科目要求，再补齐关键日期字段
6,83,摂南大学,mixed,15,23,7,0,0,摂南大学 -> 具体学部PDF | 是否招收留学生 | EJU必要科目 | 是否需要英语成绩 | 出愿开始日期 | 出愿结束日期 | 第二次选考/校内考/面试 内容 || 理工学部 -> EJU必要科目 | 第二次选考/校内考/面试 内容 || 農学部 -> EJU必要科目 | 第二次选考/校内考/面试 内容,https://www.setsunan.ac.jp/admission/faculty/requirements/,先核对外国人留学生学部清单与文科科目要求，再补齐关键日期字段
7,80,新潟大学,mixed,6,22,7,0,0,新潟大学 -> 具体学部PDF | 是否招收留学生 | EJU必要科目 | 是否需要英语成绩 | 出愿开始日期 | 出愿结束日期 | 第二次选考/校内考/面试 内容 || 医学部 -> 是否招收留学生 | EJU必要科目 | 第二次选考/校内考/面试 内容 || 工学部 -> 是否招收留学生 | EJU必要科目 | 第二次选考/校内考/面试 内容,https://www.niigata-u.ac.jp/admissions/faculty/other/foreign-students/,先核对外国人留学生学部清单与文科科目要求，再补齐关键日期字段
8,78,千葉大学,mixed,13,22,6,0,0,千葉大学 -> 具体学部PDF | EJU必要科目 | 是否需要英语成绩 | 出愿开始日期 | 出愿结束日期 | 第二次选考/校内考/面试 内容 || 千葉大学薬学部 -> EJU必要科目 | 出愿开始日期 | 出愿结束日期 | 第二次选考/校内考/面试 内容 || 千葉大学理学部 -> EJU必要科目 | 第二次选考/校内考/面试 内容,https://www.chiba-u.ac.jp/admissions/gakubu/annai_boshu.html,先核对外国人留学生学部清单与文科科目要求，再补齐关键日期字段
9,75,東京農工大学,mixed,14,21,6,0,0,東京農工大学 -> 具体学部PDF | 是否招收留学生 | EJU必要科目 | 出愿开始日期 | 出愿结束日期 | 第二次选考/校内考/面试 内容 || 東京農工大学工学部 -> EJU必要科目 | 第二次选考/校内考/面试 内容 || 東京農工大学農学部 -> EJU必要科目 | 第二次选考/校内考/面试 内容,https://www.tuat.ac.jp/admission/nyushi_gakubu/youkou/,先核对外国人留学生学部清单与文科科目要求，再补齐关键日期字段
10,68,大阪公立大学,mixed,11,18,7,0,0,大阪公立大学 -> 具体学部PDF | 是否招收留学生 | EJU必要科目 | 是否需要英语成绩 | 出愿开始日期 | 出愿结束日期 | 第二次选考/校内考/面试 内容 || 大阪公立大学理学部 -> EJU必要科目 | 第二次选考/校内考/面试 内容 || 大阪公立大学商学部 -> 第二次选考/校内考/面试 内容,https://www.omu.ac.jp/admissions/ug/exam_info/special/foreigner/,先核对外国人留学生学部清单与文科科目要求，再补齐关键日期字段
11,66,京都産業大学,mixed,10,18,6,0,0,京都産業大学 -> 具体学部PDF | EJU必要科目 | 是否需要英语成绩 | 出愿开始日期 | 出愿结束日期 | 第二次选考/校内考/面试 内容 || 京都産業大学情報理工学部 -> EJU必要科目 | 第二次选考/校内考/面试 内容 || 京都産業大学理学部 -> EJU必要科目 | 第二次选考/校内考/面试 内容,https://www.kyoto-su.ac.jp/admissions/exam/apply/download/,先核对外国人留学生学部清单与文科科目要求，再补齐关键日期字段
12,63,岡山大学,mixed,12,17,6,0,0,岡山大学 -> 具体学部PDF | EJU必要科目 | 是否需要英语成绩 | 出愿开始日期 | 出愿结束日期 | 第二次选考/校内考/面试 内容 || 岡山大学农学部グローバル入試 -> 第二次选考/校内考/面试 内容 || 岡山大学医学部保健学科 -> 第二次选考/校内考/面试 内容,https://www.okayama-u.ac.jp/tp/admission/kikokushihibosyuyoko.html,先核对外国人留学生学部清单与文科科目要求，再补齐关键日期字段
13,62,鹿児島大学,mixed,15,18,4,0,0,鹿児島大学 -> 具体学部PDF | 是否招收留学生 | EJU必要科目 | 第二次选考/校内考/面试 内容 || 保健学科 -> 第二次选考/校内考/面试 内容 || 医学科 -> 第二次选考/校内考/面试 内容,https://www.kagoshima-u.ac.jp/exam/youkou.html,先核对外国人留学生学部清单与文科科目要求，再补齐关键日期字段
14,60,神奈川大学,mixed,8,15,7,0,1,神奈川大学 -> 具体学部PDF | 是否招收留学生 | EJU必要科目 | 是否需要英语成绩 | 出愿开始日期 | 出愿结束日期 | 第二次选考/校内考/面试 内容 || 建築学部 -> 是否招收留学生 | EJU必要科目 || 化学生命学部 -> 是否招收留学生,https://www.kanagawa-u.ac.jp/admissions/faculty/foreignstudent/,先核对外国人留学生学部清单与文科科目要求，再补齐关键日期字段
15,57,静岡大学,mixed,10,15,6,0,0,静岡大学 -> 具体学部PDF | EJU必要科目 | 是否需要英语成绩 | 出愿开始日期 | 出愿结束日期 | 第二次选考/校内考/面试 内容 || 静岡大学グローバル共創科学部 -> 第二次选考/校内考/面试 内容 || 静岡大学工学部 -> 第二次选考/校内考/面试 内容,https://www.shizuoka.ac.jp/nyushi/guide/boshu/,先核对外国人留学生学部清单与文科科目要求，再补齐关键日期字段
16,56,岐阜大学,mixed,5,14,6,1,0,岐阜大学 -> 是否招收留学生 | EJU必要科目 | 是否需要英语成绩 | 出愿开始日期 | 出愿结束日期 | 第二次选考/校内考/面试 内容 || 岐阜大学医学科医学科 -> 是否需要英语成绩 | 第二次选考/校内考/面试 内容 || 岐阜大学地域科学部 -> 是否需要英语成绩 | 第二次选考/校内考/面试 内容,https://www.gifu-u.ac.jp/admission/f_applicant/guide.html,先核对外国人留学生学部清单与文科科目要求，再补齐关键日期字段
17,55,長崎大学,mixed,11,15,5,0,0,長崎大学 -> 具体学部PDF | EJU必要科目 | 出愿开始日期 | 出愿结束日期 | 第二次选考/校内考/面试 内容 || 長崎大学医学部保健学科 -> 第二次选考/校内考/面试 内容 || 長崎大学医学部医学科 -> 第二次选考/校内考/面试 内容,https://www.nagasaki-u.ac.jp/nyugaku/admission/selection/,先核对外国人留学生学部清单与文科科目要求，再补齐关键日期字段
18,54,山形大学,mixed,5,14,6,0,0,山形大学 -> 具体学部PDF | EJU必要科目 | 是否需要英语成绩 | 出愿开始日期 | 出愿结束日期 | 第二次选考/校内考/面试 内容 || 山形大学医学部 -> 是否需要英语成绩 | 第二次选考/校内考/面试 内容 || 山形大学工学部昼間コース -> 是否需要英语成绩 | 第二次选考/校内考/面试 内容,https://www.yamagata-u.ac.jp/jp/entrance/faculty/guidelines/r08_5/,先核对外国人留学生学部清单与文科科目要求，再补齐关键日期字段
19,54,広島大学,mixed,9,14,6,0,0,広島大学 -> 具体学部PDF | EJU必要科目 | 是否需要英语成绩 | 出愿开始日期 | 出愿结束日期 | 第二次选考/校内考/面试 内容 || 広島大学医学部保健学科 -> 第二次选考/校内考/面试 内容 || 広島大学医学部医学科 -> 第二次选考/校内考/面试 内容,https://www.hiroshima-u.ac.jp/nyushi/yoko_doga/yoko,先核对外国人留学生学部清单与文科科目要求，再补齐关键日期字段
20,54,神戸大学,mixed,5,14,5,1,0,神戸大学 -> 具体学部PDF | 是否招收留学生 | EJU必要科目 | 是否需要英语成绩 | 第二次选考/校内考/面试 内容 || 神戸大学発達コミュニティ学科 -> 具体学部PDF | EJU必要科目 | 第二次选考/校内考/面试 内容 || 神戸大学グローバル文化学科 -> 具体学部PDF | 第二次选考/校内考/面试 内容,https://www.fgh.kobe-u.ac.jp/ja/node/79,先核对外国人留学生学部清单与文科科目要求，再补齐关键日期字段
21,53,滋賀大学,mixed,3,13,7,0,0,滋賀大学 -> 具体学部PDF | 是否招收留学生 | EJU必要科目 | 是否需要英语成绩 | 出愿开始日期 | 出愿结束日期 | 第二次选考/校内考/面试 内容 || 滋賀大学教育学部 -> 是否招收留学生 | 是否需要英语成绩 | 第二次选考/校内考/面试 内容 || 滋賀大学经济学部 -> 是否招收留学生 | 是否需要英语成绩 | 第二次选考/校内考/面试 内容,https://www.shiga-u.ac.jp/admission/examination_info/guideline/,先核对外国人留学生学部清单与文科科目要求，再补齐关键日期字段
22,53,足利大学,mixed,2,13,7,0,0,足利大学 -> 具体学部PDF | 是否招收留学生 | EJU必要科目 | 是否需要英语成绩 | 出愿开始日期 | 出愿结束日期 | 第二次选考/校内考/面试 内容 || 工学部 -> 是否招收留学生 | EJU必要科目 | 是否需要英语成绩 | 出愿开始日期 | 出愿结束日期 | 第二次选考/校内考/面试 内容,https://ashikaga.ac.jp/exam_site/youkou/,先核对外国人留学生学部清单与文科科目要求，再补齐关键日期字段
23,51,愛媛大学,mixed,8,13,6,0,0,愛媛大学 -> 具体学部PDF | EJU必要科目 | 是否需要英语成绩 | 出愿开始日期 | 出愿结束日期 | 第二次选考/校内考/面试 内容 || 愛媛大学医学部医学科 -> 第二次选考/校内考/面试 内容 || 愛媛大学医学部看護学科 -> 第二次选考/校内考/面试 内容,https://www.ehime-u.ac.jp/entrance/selection-guidelines/,先核对外国人留学生学部清单与文科科目要求，再补齐关键日期字段
24,50,横浜国立大学,mixed,9,14,4,0,0,横浜国立大学 -> 具体学部PDF | 出愿开始日期 | 出愿结束日期 | 第二次选考/校内考/面试 内容 || 横浜国立大学理工学部 -> EJU必要科目 | 第二次选考/校内考/面试 内容 || 横浜国立大学都市科学部 -> EJU必要科目 | 第二次选考/校内考/面试 内容,https://www.ynu.ac.jp/exam/faculty/essential/index.html,先核对外国人留学生学部清单与文科科目要求，再补齐关键日期字段
25,49,お茶の水女子大学,mixed,11,15,2,0,0,お茶の水女子大学共創工学部 -> EJU必要科目 | 第二次选考/校内考/面试 内容 || お茶の水女子大学理学部 -> EJU必要科目 | 第二次选考/校内考/面试 内容 || お茶の水女子大学生活科学部 -> EJU必要科目 | 第二次选考/校内考/面试 内容,https://www.ao.ocha.ac.jp/application/faculty/index.html,先核对外国人留学生学部清单与文科科目要求，再补齐关键日期字段
26,48,富山大学,mixed,7,12,6,0,0,富山大学 -> 具体学部PDF | EJU必要科目 | 是否需要英语成绩 | 出愿开始日期 | 出愿结束日期 | 第二次选考/校内考/面试 内容 || 富山大学医学部医学科 -> 第二次选考/校内考/面试 内容 || 富山大学医学部看護学部 -> 第二次选考/校内考/面试 内容,https://www.u-toyama.ac.jp/admission/undergraduate-exam/guidebook/,先核对外国人留学生学部清单与文科科目要求，再补齐关键日期字段
27,47,専修大学,mixed,3,11,7,0,0,専修大学 -> 具体学部PDF | 是否招收留学生 | EJU必要科目 | 是否需要英语成绩 | 出愿开始日期 | 出愿结束日期 | 第二次选考/校内考/面试 内容 || 専修大学ネットワーク情報学部ネットワーク情報学科 -> EJU必要科目 | 出愿开始日期 | 出愿结束日期 | 第二次选考/校内考/面试 内容 || 専修大学ネットワーク情報学部 -> no_key_missing,https://www.senshu-u.ac.jp/admission/shikenseido/nyushiyokodl.html,先核对外国人留学生学部清单与文科科目要求，再补齐关键日期字段
28,47,愛知学院大学,mixed,6,11,7,0,0,愛知学院大学 -> 具体学部PDF | 是否招收留学生 | EJU必要科目 | 是否需要英语成绩 | 出愿开始日期 | 出愿结束日期 | 第二次选考/校内考/面试 内容 || 健康科学科 -> EJU必要科目 || 健康科学部 -> 第二次选考/校内考/面试 内容,https://navi.agu.ac.jp/examination/other-foreigner/,先核对外国人留学生学部清单与文科科目要求，再补齐关键日期字段
29,47,東京電機大学,mixed,22,11,7,0,0,東京電機大学 -> 具体学部PDF | 是否招收留学生 | EJU必要科目 | 是否需要英语成绩 | 出愿开始日期 | 出愿结束日期 | 第二次选考/校内考/面试 内容 || 東京電機大学システムデザイン工学部 -> EJU必要科目 || 東京電機大学工学部 -> EJU必要科目,https://www.dendai.ac.jp/about/admission/undergraduate/ryugakusei.html,先核对外国人留学生学部清单与文科科目要求，再补齐关键日期字段
30,45,信州大学,mixed,6,11,6,0,0,信州大学 -> 具体学部PDF | EJU必要科目 | 是否需要英语成绩 | 出愿开始日期 | 出愿结束日期 | 第二次选考/校内考/面试 内容 || 信州大学医学部 -> 第二次选考/校内考/面试 内容 || 信州大学工学部 -> 第二次选考/校内考/面试 内容,https://www.shinshu-u.ac.jp/ad_portal/selection/index.html,先核对外国人留学生学部清单与文科科目要求，再补齐关键日期字段
31,45,同志社女子大学,mixed,6,11,6,0,0,同志社女子大学 -> 是否招收留学生 | EJU必要科目 | 是否需要英语成绩 | 出愿开始日期 | 出愿结束日期 | 第二次选考/校内考/面试 内容 || 人間生活学科 -> EJU必要科目 || 生物科学学部 -> EJU必要科目,https://www.dwc.doshisha.ac.jp/admissions/exam_information/guidelines,先核对外国人留学生学部清单与文科科目要求，再补齐关键日期字段
32,45,東京理科大学,mixed,37,11,4,2,0,東京理科大学 -> EJU必要科目 | 出愿开始日期 | 出愿结束日期 | 第二次选考/校内考/面试 内容 || 東京理科大学先進工学部 -> EJU必要科目 | 第二次选考/校内考/面试 内容 || 東京理科大学工学部 -> EJU必要科目 | 第二次选考/校内考/面试 内容,https://www.tus.ac.jp/admissions/university/guideline/general/,先核对外国人留学生学部清单与文科科目要求，再补齐关键日期字段
33,44,筑波大学,mixed,5,12,4,0,0,筑波大学 -> 具体学部PDF | 出愿开始日期 | 出愿结束日期 | 第二次选考/校内考/面试 内容 || 医学群 -> EJU必要科目 | 第二次选考/校内考/面试 内容 || 情報学群 -> EJU必要科目 | 第二次选考/校内考/面试 内容,https://ac.tsukuba.ac.jp/apply/application-guidelines/,先核对外国人留学生学部清单与文科科目要求，再补齐关键日期字段
34,43,山口大学,mixed,7,11,5,0,0,山口大学 -> 具体学部PDF | EJU必要科目 | 出愿开始日期 | 出愿结束日期 | 第二次选考/校内考/面试 内容 || 山口大学工学部創成工学科化学系 -> 第二次选考/校内考/面试 内容 || 山口大学工学部創成工学科国土·環境デザイン系 -> 第二次选考/校内考/面试 内容,https://www.yamaguchi-u.ac.jp/nyushi/yoko/index.html,先核对外国人留学生学部清单与文科科目要求，再补齐关键日期字段
35,43,東京医科歯科大学,mixed,1,8,8,1,1,東京医科歯科大学 -> 募集要项链接（募集要项一览界面的链接） | 具体学部PDF | 是否招收留学生 | EJU必要科目 | 是否需要英语成绩 | 出愿开始日期 | 出愿结束日期 | 第二次选考/校内考/面试 内容,,先核对外国人留学生学部清单与文科科目要求，再补齐关键日期字段
36,42,大阪工業大学,mixed,5,10,6,0,0,大阪工業大学 -> 具体学部PDF | EJU必要科目 | 是否需要英语成绩 | 出愿开始日期 | 出愿结束日期 | 第二次选考/校内考/面试 内容 || ロボティクス・デザイン工学部 -> EJU必要科目 || 工学部 -> EJU必要科目,https://www.oit.ac.jp/admission/outline/document.html#nyushi13,先核对外国人留学生学部清单与文科科目要求，再补齐关键日期字段
37,42,室蘭工業大学,mixed,4,10,6,0,0,室蘭工業大学 -> 具体学部PDF | EJU必要科目 | 是否需要英语成绩 | 出愿开始日期 | 出愿结束日期 | 第二次选考/校内考/面试 内容 || 室蘭工業大学理工学部 -> EJU必要科目 | 第二次选考/校内考/面试 内容 || 室蘭工業大学理工学部システム理化学科 -> 第二次选考/校内考/面试 内容,https://muroran-it.ac.jp/entrance/admission/exam/uee/,先核对外国人留学生学部清单与文科科目要求，再补齐关键日期字段
38,42,岡山県立大学,mixed,4,10,6,0,0,岡山県立大学 -> 是否招收留学生 | EJU必要科目 | 是否需要英语成绩 | 出愿开始日期 | 出愿结束日期 | 第二次选考/校内考/面试 内容 || 岡山県立大学デザイン学部 -> EJU必要科目 | 第二次选考/校内考/面试 内容 || 岡山県立大学保健福祉学部 -> 第二次选考/校内考/面试 内容,https://www.oka-pu.ac.jp/exam/page-15832/page-449/,先核对外国人留学生学部清单与文科科目要求，再补齐关键日期字段
39,42,琉球大学,mixed,12,10,6,0,0,琉球大学 -> 具体学部PDF | EJU必要科目 | 是否需要英语成绩 | 出愿开始日期 | 出愿结束日期 | 第二次选考/校内考/面试 内容 || 琉球大学理学部 -> EJU必要科目 | 第二次选考/校内考/面试 内容 || 琉球大学理学部物質地球科学科 -> EJU必要科目 | 第二次选考/校内考/面试 内容,https://www.u-ryukyu.ac.jp/admissions/recruitment/,先核对外国人留学生学部清单与文科科目要求，再补齐关键日期字段
40,42,群馬大学,mixed,5,10,6,0,0,群馬大学 -> 具体学部PDF | EJU必要科目 | 是否需要英语成绩 | 出愿开始日期 | 出愿结束日期 | 第二次选考/校内考/面试 内容 || 群馬大学共同教育学部 -> 第二次选考/校内考/面试 内容 || 群馬大学医学部 -> 第二次选考/校内考/面试 内容,https://www.gunma-u.ac.jp/admission/g2107/g30174,先核对外国人留学生学部清单与文科科目要求，再补齐关键日期字段
41,42,京都橘大学,mixed,3,8,7,2,0,京都橘大学 -> 具体学部PDF | 是否招收留学生 | EJU必要科目 | 是否需要英语成绩 | 出愿开始日期 | 出愿结束日期 | 第二次选考/校内考/面试 内容 || 工学部 -> EJU必要科目 || 工学部 -> no_key_missing,https://www.tachibana-u.ac.jp/admission/international_student/,先核对外国人留学生学部清单与文科科目要求，再补齐关键日期字段
42,42,南山大学,mixed,3,8,7,2,0,南山大学 -> 具体学部PDF | 是否招收留学生 | EJU必要科目 | 是否需要英语成绩 | 出愿开始日期 | 出愿结束日期 | 第二次选考/校内考/面试 内容 || 理工学部 -> EJU必要科目 || 理工学部 -> no_key_missing,https://www.nanzan-u.ac.jp/admission/nyushi/shubetsu/sonota05.html,先核对外国人留学生学部清单与文科科目要求，再补齐关键日期字段
43,41,福井大学,mixed,3,9,7,0,0,福井大学 -> 具体学部PDF | 是否招收留学生 | EJU必要科目 | 是否需要英语成绩 | 出愿开始日期 | 出愿结束日期 | 第二次选考/校内考/面试 内容 || 福井大学国際地域学部 -> 第二次选考/校内考/面试 内容 || 福井大学工学部 -> 第二次选考/校内考/面试 内容,https://www.u-fukui.ac.jp/user_admission/examination/essential_point/,先核对外国人留学生学部清单与文科科目要求，再补齐关键日期字段
44,41,長岡技術科学大学,mixed,2,9,7,0,0,長岡技術科学大学 -> 具体学部PDF | 是否招收留学生 | EJU必要科目 | 是否需要英语成绩 | 出愿开始日期 | 出愿结束日期 | 第二次选考/校内考/面试 内容 || 長岡技術科学大学工学部 -> EJU必要科目 | 第二次选考/校内考/面试 内容,https://www.nagaokaut.ac.jp/nyuushi/nyugakushiken/nyushi_gakubu1.html,先核对外国人留学生学部清单与文科科目要求，再补齐关键日期字段
45,41,文化学園大学,mixed,1,8,8,0,1,文化学園大学 -> 募集要项链接（募集要项一览界面的链接） | 具体学部PDF | 是否招收留学生 | EJU必要科目 | 是否需要英语成绩 | 出愿开始日期 | 出愿结束日期 | 第二次选考/校内考/面试 内容,,先核对外国人留学生学部清单与文科科目要求，再补齐关键日期字段
46,41,立命館アジア太平洋大学,mixed,1,8,8,0,1,立命館アジア太平洋大学 -> 募集要项链接（募集要项一览界面的链接） | 具体学部PDF | 是否招收留学生 | EJU必要科目 | 是否需要英语成绩 | 出愿开始日期 | 出愿结束日期 | 第二次选考/校内考/面试 内容,,先核对外国人留学生学部清单与文科科目要求，再补齐关键日期字段
47,39,杏林大学,mixed,3,9,6,0,0,杏林大学 -> 是否招收留学生 | EJU必要科目 | 是否需要英语成绩 | 出愿开始日期 | 出愿结束日期 | 第二次选考/校内考/面试 内容 || 保健学部 -> EJU必要科目 | 第二次选考/校内考/面试 内容 || 医学部 -> EJU必要科目,https://www.kyorin-u.ac.jp/univ/center/nyugaku/web_youkou/,先核对外国人留学生学部清单与文科科目要求，再补齐关键日期字段
48,38,三重大学,mixed,4,8,7,0,0,三重大学 -> 具体学部PDF | 是否招收留学生 | EJU必要科目 | 是否需要英语成绩 | 出愿开始日期 | 出愿结束日期 | 第二次选考/校内考/面试 内容 || 三重大学生物資源学科 -> 第二次选考/校内考/面试 内容 || 三重大学人文学部 -> no_key_missing,https://www.mie-u.ac.jp/exam/faculty/guidelines/post-6.html,先核对外国人留学生学部清单与文科科目要求，再补齐关键日期字段
49,38,公立鳥取環境大学,mixed,2,8,7,0,0,公立鳥取環境大学 -> 具体学部PDF | 是否招收留学生 | EJU必要科目 | 是否需要英语成绩 | 出愿开始日期 | 出愿结束日期 | 第二次选考/校内考/面试 内容 || 公立鳥取環境大学環境学部 -> 第二次选考/校内考/面试 内容,https://www.kankyo-u.ac.jp/exam/r8/ryuugakusei/#yoko,先核对外国人留学生学部清单与文科科目要求，再补齐关键日期字段
50,38,同志社大学,mixed,20,8,7,0,0,同志社大学 -> 具体学部PDF | 是否招收留学生 | EJU必要科目 | 是否需要英语成绩 | 出愿开始日期 | 出愿结束日期 | 第二次选考/校内考/面试 内容 || 同志社大学理工学部 -> EJU必要科目 || 同志社大学スポーツ健康科学部 -> no_key_missing,https://intad.doshisha.ac.jp/intad/japanese_program/guide_entrance_exam.html,先核对外国人留学生学部清单与文科科目要求，再补齐关键日期字段
51,38,東京都市大学,mixed,10,8,7,0,0,東京都市大学 -> 具体学部PDF | 是否招收留学生 | EJU必要科目 | 是否需要英语成绩 | 出愿开始日期 | 出愿结束日期 | 第二次选考/校内考/面试 内容 || 東京都市大学メディア情報学部 -> EJU必要科目 || 東京都市大学メディア情報学部デザイン・データ学部 -> no_key_missing,https://www.tcu.ac.jp/entrance/summary/,先核对外国人留学生学部清单与文科科目要求，再补齐关键日期字段
52,38,東海大学,mixed,13,8,7,0,0,東海大学 -> 具体学部PDF | 是否招收留学生 | EJU必要科目 | 是否需要英语成绩 | 出愿开始日期 | 出愿结束日期 | 第二次选考/校内考/面试 内容 || 建築都市学部 -> EJU必要科目 || 人間情報工学科 -> no_key_missing,https://www.u-tokai.ac.jp/examination-admissions/exam/#yokou,先核对外国人留学生学部清单与文科科目要求，再补齐关键日期字段
53,38,津田塾大学,mixed,4,8,7,0,0,津田塾大学 -> 具体学部PDF | 是否招收留学生 | EJU必要科目 | 是否需要英语成绩 | 出愿开始日期 | 出愿结束日期 | 第二次选考/校内考/面试 内容 || 学芸学部 -> 第二次选考/校内考/面试 内容 || 情報科学科 -> no_key_missing,https://www.tsuda.ac.jp/admissions/ug-others/ug-special.html,先核对外国人留学生学部清单与文科科目要求，再补齐关键日期字段
54,38,関西学院大学,mixed,16,8,7,0,0,関西学院大学 -> 具体学部PDF | 是否招收留学生 | EJU必要科目 | 是否需要英语成绩 | 出愿开始日期 | 出愿结束日期 | 第二次选考/校内考/面试 内容 || 関西学院大学建築学部建築学科 -> 第二次选考/校内考/面试 内容 || 関西学院大学工学科 -> no_key_missing,https://ciec.kwansei.ac.jp/page/examination-department.html?_ga=2.166281534.1605252297.1649808092-338828537.1647739860&_gl=1*3aiowk*_gcl_au*NzE1MDg0Mzg3LjE3MTQ2NTA2MDI.*_ga*MTM3MDUyMTc0LjE3MTQ2NTA2MDI.*_ga_6RKBB1G5Y1*MTcxNDY1MDYwMi4xLjEuMTcxNDY1MDY4Ny40OC4wLjA.,先核对外国人留学生学部清单与文科科目要求，再补齐关键日期字段
55,38,立教大学,mixed,9,7,6,2,1,立教大学 -> 具体学部PDF | EJU必要科目 | 是否需要英语成绩 | 出愿开始日期 | 出愿结束日期 | 第二次选考/校内考/面试 内容 || 立教大学理学部 -> EJU必要科目 || 立教大学理学部化学科 -> no_key_missing,https://www.rikkyo.ac.jp/admissions/undergraduate/foreigner.html,先核对外国人留学生学部清单与文科科目要求，再补齐关键日期字段
56,36,北見工業大学,mixed,3,8,6,0,0,北見工業大学 -> 具体学部PDF | EJU必要科目 | 是否需要英语成绩 | 出愿开始日期 | 出愿结束日期 | 第二次选考/校内考/面试 内容 || 北見工業大学地域未来デザイン工学科 -> 第二次选考/校内考/面试 内容 || 北見工業大学地球環境工学科 -> 第二次选考/校内考/面试 内容,https://www.kitami-it.ac.jp/info/faculty/bosyuyoko/,先核对外国人留学生学部清单与文科科目要求，再补齐关键日期字段
57,36,横浜市立大学,mixed,3,8,6,0,0,横浜市立大学 -> 具体学部PDF | EJU必要科目 | 是否需要英语成绩 | 出愿开始日期 | 出愿结束日期 | 第二次选考/校内考/面试 内容 || 横浜市立大学データサイエンス学部 -> 第二次选考/校内考/面试 内容 || 横浜市立大学理学部 -> 第二次选考/校内考/面试 内容,https://www.yokohama-cu.ac.jp/admissions/admissions/special_selection/international_students/index.html,先核对外国人留学生学部清单与文科科目要求，再补齐关键日期字段
58,36,三条市立大学,mixed,1,7,7,0,1,三条市立大学 -> 具体学部PDF | 是否招收留学生 | EJU必要科目 | 是否需要英语成绩 | 出愿开始日期 | 出愿结束日期 | 第二次选考/校内考/面试 内容,http://一般選抜のみ,先核对外国人留学生学部清单与文科科目要求，再补齐关键日期字段
59,36,三重県立看護大学,mixed,1,7,7,0,1,三重県立看護大学 -> 具体学部PDF | 是否招收留学生 | EJU必要科目 | 是否需要英语成绩 | 出愿开始日期 | 出愿结束日期 | 第二次选考/校内考/面试 内容,http://无法访问此网站,先核对外国人留学生学部清单与文科科目要求，再补齐关键日期字段
60,36,下関市立大学,mixed,1,7,7,0,1,下関市立大学 -> 具体学部PDF | 是否招收留学生 | EJU必要科目 | 是否需要英语成绩 | 出愿开始日期 | 出愿结束日期 | 第二次选考/校内考/面试 内容,文系のみ　https://www.shimonoseki-cu.ac.jp/nyushi/admiss_info/info_yoko,先核对外国人留学生学部清单与文科科目要求，再补齐关键日期字段
61,36,二松學舍大学,mixed,1,7,7,0,1,二松學舍大学 -> 具体学部PDF | 是否招收留学生 | EJU必要科目 | 是否需要英语成绩 | 出愿开始日期 | 出愿结束日期 | 第二次选考/校内考/面试 内容,http://文系のみ,先核对外国人留学生学部清单与文科科目要求，再补齐关键日期字段
62,36,亜細亜大学,mixed,1,7,7,0,1,亜細亜大学 -> 具体学部PDF | 是否招收留学生 | EJU必要科目 | 是否需要英语成绩 | 出愿开始日期 | 出愿结束日期 | 第二次选考/校内考/面试 内容,http://文系のみ,先核对外国人留学生学部清单与文科科目要求，再补齐关键日期字段
63,36,京都外国語大学,mixed,1,7,7,0,1,京都外国語大学 -> 具体学部PDF | 是否招收留学生 | EJU必要科目 | 是否需要英语成绩 | 出愿开始日期 | 出愿结束日期 | 第二次选考/校内考/面试 内容,http://文系のみ,先核对外国人留学生学部清单与文科科目要求，再补齐关键日期字段
64,36,京都市立芸術大学,mixed,1,7,7,0,1,京都市立芸術大学 -> 具体学部PDF | 是否招收留学生 | EJU必要科目 | 是否需要英语成绩 | 出愿开始日期 | 出愿结束日期 | 第二次选考/校内考/面试 内容,留学生なし,先核对外国人留学生学部清单与文科科目要求，再补齐关键日期字段
65,36,京都府立医科大学,mixed,1,7,7,0,1,京都府立医科大学 -> 具体学部PDF | 是否招收留学生 | EJU必要科目 | 是否需要英语成绩 | 出愿开始日期 | 出愿结束日期 | 第二次选考/校内考/面试 内容,留学生なし,先核对外国人留学生学部清单与文科科目要求，再补齐关键日期字段
66,36,会津大学,mixed,1,7,7,0,1,会津大学 -> 具体学部PDF | 是否招收留学生 | EJU必要科目 | 是否需要英语成绩 | 出愿开始日期 | 出愿结束日期 | 第二次选考/校内考/面试 内容,一般選抜のみ,先核对外国人留学生学部清单与文科科目要求，再补齐关键日期字段
67,36,佛教大学,mixed,1,7,7,0,1,佛教大学 -> 具体学部PDF | 是否招收留学生 | EJU必要科目 | 是否需要英语成绩 | 出愿开始日期 | 出愿结束日期 | 第二次选考/校内考/面试 内容,http://文系のみ,先核对外国人留学生学部清单与文科科目要求，再补齐关键日期字段
68,36,公立函館未来大学,mixed,1,7,7,0,1,公立函館未来大学 -> 具体学部PDF | 是否招收留学生 | EJU必要科目 | 是否需要英语成绩 | 出愿开始日期 | 出愿结束日期 | 第二次选考/校内考/面试 内容,編入学留学生特別選抜のみ,先核对外国人留学生学部清单与文科科目要求，再补齐关键日期字段
69,36,公立千歳科学技術大学,mixed,1,7,7,0,1,公立千歳科学技術大学 -> 具体学部PDF | 是否招收留学生 | EJU必要科目 | 是否需要英语成绩 | 出愿开始日期 | 出愿结束日期 | 第二次选考/校内考/面试 内容,一般選抜のみ,先核对外国人留学生学部清单与文科科目要求，再补齐关键日期字段
70,36,公立小松大学,mixed,1,7,7,0,1,公立小松大学 -> 具体学部PDF | 是否招收留学生 | EJU必要科目 | 是否需要英语成绩 | 出愿开始日期 | 出愿结束日期 | 第二次选考/校内考/面试 内容,一般選抜のみ,先核对外国人留学生学部清单与文科科目要求，再补齐关键日期字段
71,36,兵庫県立大学,mixed,1,7,7,0,1,兵庫県立大学 -> 具体学部PDF | 是否招收留学生 | EJU必要科目 | 是否需要英语成绩 | 出愿开始日期 | 出愿结束日期 | 第二次选考/校内考/面试 内容,郵送必要,先核对外国人留学生学部清单与文科科目要求，再补齐关键日期字段
72,36,北里大学,mixed,1,7,7,0,1,北里大学 -> 具体学部PDF | 是否招收留学生 | EJU必要科目 | 是否需要英语成绩 | 出愿开始日期 | 出愿结束日期 | 第二次选考/校内考/面试 内容,http://外国人入試なし,先核对外国人留学生学部清单与文科科目要求，再补齐关键日期字段
73,36,千葉県立保健医療大学,mixed,1,7,7,0,1,千葉県立保健医療大学 -> 具体学部PDF | 是否招收留学生 | EJU必要科目 | 是否需要英语成绩 | 出愿开始日期 | 出愿结束日期 | 第二次选考/校内考/面试 内容,一般選抜のみ,先核对外国人留学生学部清单与文科科目要求，再补齐关键日期字段
74,36,叡啓大学,mixed,1,7,7,0,1,叡啓大学 -> 具体学部PDF | 是否招收留学生 | EJU必要科目 | 是否需要英语成绩 | 出愿开始日期 | 出愿结束日期 | 第二次选考/校内考/面试 内容,文系のみ,先核对外国人留学生学部清单与文科科目要求，再补齐关键日期字段
75,36,名古屋外国語大学,mixed,1,7,7,0,1,名古屋外国語大学 -> 具体学部PDF | 是否招收留学生 | EJU必要科目 | 是否需要英语成绩 | 出愿开始日期 | 出愿结束日期 | 第二次选考/校内考/面试 内容,http://文系のみ,先核对外国人留学生学部清单与文科科目要求，再补齐关键日期字段
76,36,名古屋学芸大学,mixed,1,7,7,0,1,名古屋学芸大学 -> 具体学部PDF | 是否招收留学生 | EJU必要科目 | 是否需要英语成绩 | 出愿开始日期 | 出愿结束日期 | 第二次选考/校内考/面试 内容,http://留学生入試なし,先核对外国人留学生学部清单与文科科目要求，再补齐关键日期字段
77,36,名寄市立大学,mixed,1,7,7,0,1,名寄市立大学 -> 具体学部PDF | 是否招收留学生 | EJU必要科目 | 是否需要英语成绩 | 出愿开始日期 | 出愿结束日期 | 第二次选考/校内考/面试 内容,一般選抜のみ,先核对外国人留学生学部清单与文科科目要求，再补齐关键日期字段
78,36,周南公立大学,mixed,1,7,7,0,1,周南公立大学 -> 具体学部PDF | 是否招收留学生 | EJU必要科目 | 是否需要英语成绩 | 出愿开始日期 | 出愿结束日期 | 第二次选考/校内考/面试 内容,N2程度の能力、EJU＆英語不要,先核对外国人留学生学部清单与文科科目要求，再补齐关键日期字段
79,36,和歌山県立医科大学,mixed,1,7,7,0,1,和歌山県立医科大学 -> 具体学部PDF | 是否招收留学生 | EJU必要科目 | 是否需要英语成绩 | 出愿开始日期 | 出愿结束日期 | 第二次选考/校内考/面试 内容,留学生なし,先核对外国人留学生学部清单与文科科目要求，再补齐关键日期字段
80,36,國學院大学,mixed,1,7,7,0,1,國學院大学 -> 具体学部PDF | 是否招收留学生 | EJU必要科目 | 是否需要英语成绩 | 出愿开始日期 | 出愿结束日期 | 第二次选考/校内考/面试 内容,http://文系のみ,先核对外国人留学生学部清单与文科科目要求，再补齐关键日期字段
81,36,埼玉県立大学,mixed,1,7,7,0,1,埼玉県立大学 -> 具体学部PDF | 是否招收留学生 | EJU必要科目 | 是否需要英语成绩 | 出愿开始日期 | 出愿结束日期 | 第二次选考/校内考/面试 内容,一般選抜のみ,先核对外国人留学生学部清单与文科科目要求，再补齐关键日期字段
82,36,多摩美術大学,mixed,1,7,7,0,1,多摩美術大学 -> 具体学部PDF | 是否招收留学生 | EJU必要科目 | 是否需要英语成绩 | 出愿开始日期 | 出愿结束日期 | 第二次选考/校内考/面试 内容,http://芸術のみ,先核对外国人留学生学部清单与文科科目要求，再补齐关键日期字段
83,36,大阪医科薬科大学,mixed,1,7,7,0,1,大阪医科薬科大学 -> 具体学部PDF | 是否招收留学生 | EJU必要科目 | 是否需要英语成绩 | 出愿开始日期 | 出愿结束日期 | 第二次选考/校内考/面试 内容,http://一般選抜のみ,先核对外国人留学生学部清单与文科科目要求，再补齐关键日期字段
84,36,天使大学,mixed,1,7,7,0,1,天使大学 -> 具体学部PDF | 是否招收留学生 | EJU必要科目 | 是否需要英语成绩 | 出愿开始日期 | 出愿结束日期 | 第二次选考/校内考/面试 内容,http://一般入試のみ,先核对外国人留学生学部清单与文科科目要求，再补齐关键日期字段
85,36,奈良県立医科大学,mixed,1,7,7,0,1,奈良県立医科大学 -> 具体学部PDF | 是否招收留学生 | EJU必要科目 | 是否需要英语成绩 | 出愿开始日期 | 出愿结束日期 | 第二次选考/校内考/面试 内容,留学生なし,先核对外国人留学生学部清单与文科科目要求，再补齐关键日期字段
86,36,奈良県立大学,mixed,1,7,7,0,1,奈良県立大学 -> 具体学部PDF | 是否招收留学生 | EJU必要科目 | 是否需要英语成绩 | 出愿开始日期 | 出愿结束日期 | 第二次选考/校内考/面试 内容,留学生なし,先核对外国人留学生学部清单与文科科目要求，再补齐关键日期字段
87,36,実践女子大学,mixed,1,7,7,0,1,実践女子大学 -> 具体学部PDF | 是否招收留学生 | EJU必要科目 | 是否需要英语成绩 | 出愿开始日期 | 出愿结束日期 | 第二次选考/校内考/面试 内容,http://8月に公開,先核对外国人留学生学部清单与文科科目要求，再补齐关键日期字段
88,36,宮崎公立大学,mixed,1,7,7,0,1,宮崎公立大学 -> 具体学部PDF | 是否招收留学生 | EJU必要科目 | 是否需要英语成绩 | 出愿开始日期 | 出愿结束日期 | 第二次选考/校内考/面试 内容,文系のみ,先核对外国人留学生学部清单与文科科目要求，再补齐关键日期字段
89,36,宮崎県立看護大学,mixed,1,7,7,0,1,宮崎県立看護大学 -> 具体学部PDF | 是否招收留学生 | EJU必要科目 | 是否需要英语成绩 | 出愿开始日期 | 出愿结束日期 | 第二次选考/校内考/面试 内容,留学生入試なし,先核对外国人留学生学部清单与文科科目要求，再补齐关键日期字段
90,36,尾道市立大学,mixed,1,7,7,0,1,尾道市立大学 -> 具体学部PDF | 是否招收留学生 | EJU必要科目 | 是否需要英语成绩 | 出愿开始日期 | 出愿结束日期 | 第二次选考/校内考/面试 内容,文系のみ,先核对外国人留学生学部清单与文科科目要求，再补齐关键日期字段
91,36,山口県立大学,mixed,1,7,7,0,1,山口県立大学 -> 具体学部PDF | 是否招收留学生 | EJU必要科目 | 是否需要英语成绩 | 出愿开始日期 | 出愿结束日期 | 第二次选考/校内考/面试 内容,文系のみ,先核对外国人留学生学部清单与文科科目要求，再补齐关键日期字段
92,36,山形県立保健医療大学,mixed,1,7,7,0,1,山形県立保健医療大学 -> 具体学部PDF | 是否招收留学生 | EJU必要科目 | 是否需要英语成绩 | 出愿开始日期 | 出愿结束日期 | 第二次选考/校内考/面试 内容,一般選抜のみ,先核对外国人留学生学部清单与文科科目要求，再补齐关键日期字段
93,36,山形県立米沢栄養大学,mixed,1,7,7,0,1,山形県立米沢栄養大学 -> 具体学部PDF | 是否招收留学生 | EJU必要科目 | 是否需要英语成绩 | 出愿开始日期 | 出愿结束日期 | 第二次选考/校内考/面试 内容,一般選抜のみ,先核对外国人留学生学部清单与文科科目要求，再补齐关键日期字段
94,36,山梨県立大学,mixed,1,7,7,0,1,山梨県立大学 -> 具体学部PDF | 是否招收留学生 | EJU必要科目 | 是否需要英语成绩 | 出愿开始日期 | 出愿结束日期 | 第二次选考/校内考/面试 内容,文系のみ,先核对外国人留学生学部清单与文科科目要求，再补齐关键日期字段
95,36,岐阜県立看護大学,mixed,1,7,7,0,1,岐阜県立看護大学 -> 具体学部PDF | 是否招收留学生 | EJU必要科目 | 是否需要英语成绩 | 出愿开始日期 | 出愿结束日期 | 第二次选考/校内考/面试 内容,一般選抜のみ,先核对外国人留学生学部清单与文科科目要求，再补齐关键日期字段
96,36,岐阜薬科大学,mixed,1,7,7,0,1,岐阜薬科大学 -> 具体学部PDF | 是否招收留学生 | EJU必要科目 | 是否需要英语成绩 | 出愿开始日期 | 出愿结束日期 | 第二次选考/校内考/面试 内容,一般選抜のみ,先核对外国人留学生学部清单与文科科目要求，再补齐关键日期字段
97,36,島根県立大学,mixed,1,7,7,0,1,島根県立大学 -> 具体学部PDF | 是否招收留学生 | EJU必要科目 | 是否需要英语成绩 | 出愿开始日期 | 出愿结束日期 | 第二次选考/校内考/面试 内容,留学生なし,先核对外国人留学生学部清单与文科科目要求，再补齐关键日期字段
98,36,崇城大学,mixed,4,7,7,0,1,崇城大学 -> 具体学部PDF | 是否招收留学生 | EJU必要科目 | 是否需要英语成绩 | 出愿开始日期 | 出愿结束日期 | 第二次选考/校内考/面试 内容 || 工学部 -> no_key_missing || 情報学部 -> no_key_missing,https://www.sojo-u.ac.jp/nyushi/admissions/foreign/,先核对外国人留学生学部清单与文科科目要求，再补齐关键日期字段
99,36,川崎医療福祉大学,mixed,1,7,7,0,1,川崎医療福祉大学 -> 具体学部PDF | 是否招收留学生 | EJU必要科目 | 是否需要英语成绩 | 出愿开始日期 | 出愿结束日期 | 第二次选考/校内考/面试 内容,http://一般入試のみ,先核对外国人留学生学部清单与文科科目要求，再补齐关键日期字段
100,36,川崎市立看護大学,mixed,1,7,7,0,1,川崎市立看護大学 -> 具体学部PDF | 是否招收留学生 | EJU必要科目 | 是否需要英语成绩 | 出愿开始日期 | 出愿结束日期 | 第二次选考/校内考/面试 内容,一般選抜のみ,先核对外国人留学生学部清单与文科科目要求，再补齐关键日期字段
101,36,帯広畜産大学,mixed,1,7,7,0,1,帯広畜産大学 -> 具体学部PDF | 是否招收留学生 | EJU必要科目 | 是否需要英语成绩 | 出愿开始日期 | 出愿结束日期 | 第二次选考/校内考/面试 内容,https://www.obihiro.ac.jp/undergrad-adm,先核对外国人留学生学部清单与文科科目要求，再补齐关键日期字段
102,36,愛媛県立医療技術大学,mixed,1,7,7,0,1,愛媛県立医療技術大学 -> 具体学部PDF | 是否招收留学生 | EJU必要科目 | 是否需要英语成绩 | 出愿开始日期 | 出愿结束日期 | 第二次选考/校内考/面试 内容,郵送必要,先核对外国人留学生学部清单与文科科目要求，再补齐关键日期字段
103,36,愛知医科大学,mixed,1,7,7,0,1,愛知医科大学 -> 具体学部PDF | 是否招收留学生 | EJU必要科目 | 是否需要英语成绩 | 出愿开始日期 | 出愿结束日期 | 第二次选考/校内考/面试 内容,http://一般入試のみ,先核对外国人留学生学部清单与文科科目要求，再补齐关键日期字段
104,36,愛知県立芸術大学,mixed,1,7,7,0,1,愛知県立芸術大学 -> 具体学部PDF | 是否招收留学生 | EJU必要科目 | 是否需要英语成绩 | 出愿开始日期 | 出愿结束日期 | 第二次选考/校内考/面试 内容,芸術のみ,先核对外国人留学生学部清单与文科科目要求，再补齐关键日期字段
105,36,敦賀市立看護大学,mixed,1,7,7,0,1,敦賀市立看護大学 -> 具体学部PDF | 是否招收留学生 | EJU必要科目 | 是否需要英语成绩 | 出愿开始日期 | 出愿结束日期 | 第二次选考/校内考/面试 内容,一般選抜のみ,先核对外国人留学生学部清单与文科科目要求，再补齐关键日期字段
106,36,新潟県立看護大学,mixed,1,7,7,0,1,新潟県立看護大学 -> 具体学部PDF | 是否招收留学生 | EJU必要科目 | 是否需要英语成绩 | 出愿开始日期 | 出愿结束日期 | 第二次选考/校内考/面试 内容,一般選抜のみ,先核对外国人留学生学部清单与文科科目要求，再补齐关键日期字段
107,36,新見公立大学,mixed,1,7,7,0,1,新見公立大学 -> 具体学部PDF | 是否招收留学生 | EJU必要科目 | 是否需要英语成绩 | 出愿开始日期 | 出愿结束日期 | 第二次选考/校内考/面试 内容,郵送必要,先核对外国人留学生学部清单与文科科目要求，再补齐关键日期字段
108,36,日本赤十字看護大学,mixed,1,7,7,0,1,日本赤十字看護大学 -> 具体学部PDF | 是否招收留学生 | EJU必要科目 | 是否需要英语成绩 | 出愿开始日期 | 出愿结束日期 | 第二次选考/校内考/面试 内容,http://文系のみ,先核对外国人留学生学部清单与文科科目要求，再补齐关键日期字段
109,36,東京医科大学,mixed,1,7,7,0,1,東京医科大学 -> 具体学部PDF | 是否招收留学生 | EJU必要科目 | 是否需要英语成绩 | 出愿开始日期 | 出愿结束日期 | 第二次选考/校内考/面试 内容,http://一般選抜のみ,先核对外国人留学生学部清单与文科科目要求，再补齐关键日期字段
110,36,東京慈恵会医科大学,mixed,1,7,7,0,1,東京慈恵会医科大学 -> 具体学部PDF | 是否招收留学生 | EJU必要科目 | 是否需要英语成绩 | 出愿开始日期 | 出愿结束日期 | 第二次选考/校内考/面试 内容,http://一般選抜のみ,先核对外国人留学生学部清单与文科科目要求，再补齐关键日期字段
111,36,東京薬科大学,mixed,1,7,7,0,1,東京薬科大学 -> 具体学部PDF | 是否招收留学生 | EJU必要科目 | 是否需要英语成绩 | 出愿开始日期 | 出愿结束日期 | 第二次选考/校内考/面试 内容,http://一般入試のみ,先核对外国人留学生学部清单与文科科目要求，再补齐关键日期字段
112,36,東京藝術大学,mixed,1,7,7,0,1,東京藝術大学 -> 具体学部PDF | 是否招收留学生 | EJU必要科目 | 是否需要英语成绩 | 出愿开始日期 | 出愿结束日期 | 第二次选考/校内考/面试 内容,芸術系のみ,先核对外国人留学生学部清单与文科科目要求，再补齐关键日期字段
113,36,桃山学院大学,mixed,1,7,7,0,1,桃山学院大学 -> 具体学部PDF | 是否招收留学生 | EJU必要科目 | 是否需要英语成绩 | 出愿开始日期 | 出愿结束日期 | 第二次选考/校内考/面试 内容,http://文系のみ,先核对外国人留学生学部清单与文科科目要求，再补齐关键日期字段
114,36,武蔵大学,mixed,1,7,7,0,1,武蔵大学 -> 具体学部PDF | 是否招收留学生 | EJU必要科目 | 是否需要英语成绩 | 出愿开始日期 | 出愿结束日期 | 第二次选考/校内考/面试 内容,http://文系のみ,先核对外国人留学生学部清单与文科科目要求，再补齐关键日期字段
115,36,武蔵野美術大学,mixed,1,7,7,0,1,武蔵野美術大学 -> 具体学部PDF | 是否招收留学生 | EJU必要科目 | 是否需要英语成绩 | 出愿开始日期 | 出愿结束日期 | 第二次选考/校内考/面试 内容,http://芸術のみ,先核对外国人留学生学部清单与文科科目要求，再补齐关键日期字段
116,36,沖縄県立看護大学,mixed,1,7,7,0,1,沖縄県立看護大学 -> 具体学部PDF | 是否招收留学生 | EJU必要科目 | 是否需要英语成绩 | 出愿开始日期 | 出愿结束日期 | 第二次选考/校内考/面试 内容,https://www.okinawa-nurs.ac.jp/nyugakuannai/pages14341/,先核对外国人留学生学部清单与文科科目要求，再补齐关键日期字段
117,36,沖縄県立芸術大学,mixed,1,7,7,0,1,沖縄県立芸術大学 -> 具体学部PDF | 是否招收留学生 | EJU必要科目 | 是否需要英语成绩 | 出愿开始日期 | 出愿结束日期 | 第二次选考/校内考/面试 内容,https://www.okigei.ac.jp/news/n-important/%e4%bb%a4%e5%92%8c7%e5%b9%b4%e5%ba%a6%e3%80%80%e5%85%a5%e5%ad%a6%e8%80%85%e9%81%b8%e6%8a%9c%e8%a6%81%e9%a0%85%e3%82%92%e6%8e%b2%e8%bc%89.htmlimportant/%e4%bb%a4%e5%92%8c6%e5%b9%b4%e5%ba%a6%e3%80%80%e5%85%a5%e5%ad%a6%e8%80%85%e9%81%b8%e6%8a%9c%e8%a6%81%e9%a0%85%e3%82%92%e6%8e%b2%e8%bc%89.html,先核对外国人留学生学部清单与文科科目要求，再补齐关键日期字段
118,36,浜松医科大学,mixed,1,7,7,0,1,浜松医科大学 -> 具体学部PDF | 是否招收留学生 | EJU必要科目 | 是否需要英语成绩 | 出愿开始日期 | 出愿结束日期 | 第二次选考/校内考/面试 内容,一般選抜のみ,先核对外国人留学生学部清单与文科科目要求，再补齐关键日期字段
119,36,滋賀医科大学,mixed,1,7,7,0,1,滋賀医科大学 -> 具体学部PDF | 是否招收留学生 | EJU必要科目 | 是否需要英语成绩 | 出愿开始日期 | 出愿结束日期 | 第二次选考/校内考/面试 内容,一般選抜のみ,先核对外国人留学生学部清单与文科科目要求，再补齐关键日期字段
120,36,産業能率大学,mixed,1,7,7,0,1,産業能率大学 -> 具体学部PDF | 是否招收留学生 | EJU必要科目 | 是否需要英语成绩 | 出愿开始日期 | 出愿结束日期 | 第二次选考/校内考/面试 内容,http://文系のみ,先核对外国人留学生学部清单与文科科目要求，再补齐关键日期字段
121,36,畿央大学,mixed,1,7,7,0,1,畿央大学 -> 具体学部PDF | 是否招收留学生 | EJU必要科目 | 是否需要英语成绩 | 出愿开始日期 | 出愿结束日期 | 第二次选考/校内考/面试 内容,http://一般入試のみ,先核对外国人留学生学部清单与文科科目要求，再补齐关键日期字段
122,36,石川県立看護大学,mixed,1,7,7,0,1,石川県立看護大学 -> 具体学部PDF | 是否招收留学生 | EJU必要科目 | 是否需要英语成绩 | 出愿开始日期 | 出愿结束日期 | 第二次选考/校内考/面试 内容,一般選抜のみ,先核对外国人留学生学部清单与文科科目要求，再补齐关键日期字段
123,36,神奈川県立保健福祉大学,mixed,1,7,7,0,1,神奈川県立保健福祉大学 -> 具体学部PDF | 是否招收留学生 | EJU必要科目 | 是否需要英语成绩 | 出愿开始日期 | 出愿结束日期 | 第二次选考/校内考/面试 内容,https://www.kuhs.ac.jp/admission/undergraduate/forignstudent/,先核对外国人留学生学部清单与文科科目要求，再补齐关键日期字段
124,36,神戸市外国語大学,mixed,1,7,7,0,1,神戸市外国語大学 -> 具体学部PDF | 是否招收留学生 | EJU必要科目 | 是否需要英语成绩 | 出愿开始日期 | 出愿结束日期 | 第二次选考/校内考/面试 内容,https://www.kobe-cufs.ac.jp/admissions/university/requirements/senbatsu.html,先核对外国人留学生学部清单与文科科目要求，再补齐关键日期字段
125,36,神戸市看護大学,mixed,1,7,7,0,1,神戸市看護大学 -> 具体学部PDF | 是否招收留学生 | EJU必要科目 | 是否需要英语成绩 | 出愿开始日期 | 出愿结束日期 | 第二次选考/校内考/面试 内容,https://www.kobe-ccn.ac.jp/entrance_examination/request/,先核对外国人留学生学部清单与文科科目要求，再补齐关键日期字段
126,36,福山市立大学,mixed,1,7,7,0,1,福山市立大学 -> 具体学部PDF | 是否招收留学生 | EJU必要科目 | 是否需要英语成绩 | 出愿开始日期 | 出愿结束日期 | 第二次选考/校内考/面试 内容,文系のみ,先核对外国人留学生学部清单与文科科目要求，再补齐关键日期字段
127,36,福岡県立大学,mixed,1,7,7,0,1,福岡県立大学 -> 具体学部PDF | 是否招收留学生 | EJU必要科目 | 是否需要英语成绩 | 出愿开始日期 | 出愿结束日期 | 第二次选考/校内考/面试 内容,文系のみ,先核对外国人留学生学部清单与文科科目要求，再补齐关键日期字段
128,36,福知山公立大学,mixed,1,7,7,0,1,福知山公立大学 -> 具体学部PDF | 是否招收留学生 | EJU必要科目 | 是否需要英语成绩 | 出愿开始日期 | 出愿结束日期 | 第二次选考/校内考/面试 内容,令和7年度（2025年春入学者用）の各募集要項は準備中です。,先核对外国人留学生学部清单与文科科目要求，再补齐关键日期字段
129,36,秋田公立美術大学,mixed,1,7,7,0,1,秋田公立美術大学 -> 具体学部PDF | 是否招收留学生 | EJU必要科目 | 是否需要英语成绩 | 出愿开始日期 | 出愿结束日期 | 第二次选考/校内考/面试 内容,芸術のみ,先核对外国人留学生学部清单与文科科目要求，再补齐关键日期字段
130,36,筑波技術大学,mixed,1,7,7,0,1,筑波技術大学 -> 具体学部PDF | 是否招收留学生 | EJU必要科目 | 是否需要英语成绩 | 出愿开始日期 | 出愿结束日期 | 第二次选考/校内考/面试 内容,一般選抜のみ,先核对外国人留学生学部清单与文科科目要求，再补齐关键日期字段
131,36,群馬県立女子大学,mixed,1,7,7,0,1,群馬県立女子大学 -> 具体学部PDF | 是否招收留学生 | EJU必要科目 | 是否需要英语成绩 | 出愿开始日期 | 出愿结束日期 | 第二次选考/校内考/面试 内容,文系のみ,先核对外国人留学生学部清单与文科科目要求，再补齐关键日期字段
132,36,群馬県立県民健康科学大学,mixed,1,7,7,0,1,群馬県立県民健康科学大学 -> 具体学部PDF | 是否招收留学生 | EJU必要科目 | 是否需要英语成绩 | 出愿开始日期 | 出愿结束日期 | 第二次选考/校内考/面试 内容,一般選抜のみ,先核对外国人留学生学部清单与文科科目要求，再补齐关键日期字段
133,36,茨城県立医療大学,mixed,1,7,7,0,1,茨城県立医療大学 -> 具体学部PDF | 是否招收留学生 | EJU必要科目 | 是否需要英语成绩 | 出愿开始日期 | 出愿结束日期 | 第二次选考/校内考/面试 内容,一般選抜のみ,先核对外国人留学生学部清单与文科科目要求，再补齐关键日期字段
134,36,藤田医科大学,mixed,1,7,7,0,1,藤田医科大学 -> 具体学部PDF | 是否招收留学生 | EJU必要科目 | 是否需要英语成绩 | 出愿开始日期 | 出愿结束日期 | 第二次选考/校内考/面试 内容,http://一般入試のみ,先核对外国人留学生学部清单与文科科目要求，再补齐关键日期字段
135,36,西南学院大学,mixed,1,7,7,0,1,西南学院大学 -> 具体学部PDF | 是否招收留学生 | EJU必要科目 | 是否需要英语成绩 | 出愿开始日期 | 出愿结束日期 | 第二次选考/校内考/面试 内容,http://文系のみ,先核对外国人留学生学部清单与文科科目要求，再补齐关键日期字段
136,36,金沢美術工芸大学,mixed,1,7,7,0,1,金沢美術工芸大学 -> 具体学部PDF | 是否招收留学生 | EJU必要科目 | 是否需要英语成绩 | 出愿开始日期 | 出愿结束日期 | 第二次选考/校内考/面试 内容,芸術のみ,先核对外国人留学生学部清单与文科科目要求，再补齐关键日期字段
137,36,釧路公立大学,mixed,1,7,7,0,1,釧路公立大学 -> 具体学部PDF | 是否招收留学生 | EJU必要科目 | 是否需要英语成绩 | 出愿开始日期 | 出愿结束日期 | 第二次选考/校内考/面试 内容,一般選抜のみ,先核对外国人留学生学部清单与文科科目要求，再补齐关键日期字段
138,36,長岡造形大学,mixed,1,7,7,0,1,長岡造形大学 -> 具体学部PDF | 是否招收留学生 | EJU必要科目 | 是否需要英语成绩 | 出愿开始日期 | 出愿结束日期 | 第二次选考/校内考/面试 内容,芸術のみ,先核对外国人留学生学部清单与文科科目要求，再补齐关键日期字段
139,36,長野大学,mixed,1,7,7,0,1,長野大学 -> 具体学部PDF | 是否招收留学生 | EJU必要科目 | 是否需要英语成绩 | 出愿开始日期 | 出愿结束日期 | 第二次选考/校内考/面试 内容,文系のみ,先核对外国人留学生学部清单与文科科目要求，再补齐关键日期字段
140,36,長野県看護大学,mixed,1,7,7,0,1,長野県看護大学 -> 具体学部PDF | 是否招收留学生 | EJU必要科目 | 是否需要英语成绩 | 出愿开始日期 | 出愿结束日期 | 第二次选考/校内考/面试 内容,一般選抜のみ,先核对外国人留学生学部清单与文科科目要求，再补齐关键日期字段
141,36,関西医科大学,mixed,1,7,7,0,1,関西医科大学 -> 具体学部PDF | 是否招收留学生 | EJU必要科目 | 是否需要英语成绩 | 出愿开始日期 | 出愿结束日期 | 第二次选考/校内考/面试 内容,http://一般入試のみ,先核对外国人留学生学部清单与文科科目要求，再补齐关键日期字段
142,36,関西外国語大学,mixed,1,7,7,0,1,関西外国語大学 -> 具体学部PDF | 是否招收留学生 | EJU必要科目 | 是否需要英语成绩 | 出愿开始日期 | 出愿结束日期 | 第二次选考/校内考/面试 内容,http://文系のみ,先核对外国人留学生学部清单与文科科目要求，再补齐关键日期字段
143,36,青森公立大学,mixed,1,7,7,0,1,青森公立大学 -> 具体学部PDF | 是否招收留学生 | EJU必要科目 | 是否需要英语成绩 | 出愿开始日期 | 出愿结束日期 | 第二次选考/校内考/面试 内容,一般選抜のみ,先核对外国人留学生学部清单与文科科目要求，再补齐关键日期字段
144,36,青森県立保健大学,mixed,1,7,7,0,1,青森県立保健大学 -> 具体学部PDF | 是否招收留学生 | EJU必要科目 | 是否需要英语成绩 | 出愿开始日期 | 出愿结束日期 | 第二次选考/校内考/面试 内容,一般選抜のみ,先核对外国人留学生学部清单与文科科目要求，再补齐关键日期字段
145,36,静岡県立大学,mixed,1,7,7,0,1,静岡県立大学 -> 具体学部PDF | 是否招收留学生 | EJU必要科目 | 是否需要英语成绩 | 出愿开始日期 | 出愿结束日期 | 第二次选考/校内考/面试 内容,＜8月上旬　公開予定＞,先核对外国人留学生学部清单与文科科目要求，再补齐关键日期字段
146,36,香川県立保健医療大学,mixed,1,7,7,0,1,香川県立保健医療大学 -> 具体学部PDF | 是否招收留学生 | EJU必要科目 | 是否需要英语成绩 | 出愿开始日期 | 出愿结束日期 | 第二次选考/校内考/面试 内容,郵送必要,先核对外国人留学生学部清单与文科科目要求，再补齐关键日期字段
147,36,高知大学,mixed,1,7,7,0,1,高知大学 -> 具体学部PDF | 是否招收留学生 | EJU必要科目 | 是否需要英语成绩 | 出愿开始日期 | 出愿结束日期 | 第二次选考/校内考/面试 内容,https://nyusi.kochi-u.jp/nyushi/admissions,先核对外国人留学生学部清单与文科科目要求，再补齐关键日期字段
148,36,高知工科大学,mixed,1,7,7,0,1,高知工科大学 -> 具体学部PDF | 是否招收留学生 | EJU必要科目 | 是否需要英语成绩 | 出愿开始日期 | 出愿结束日期 | 第二次选考/校内考/面试 内容,留学生なし,先核对外国人留学生学部清单与文科科目要求，再补齐关键日期字段
149,35,国士舘大学,mixed,2,7,7,0,0,国士舘大学 -> 具体学部PDF | 是否招收留学生 | EJU必要科目 | 是否需要英语成绩 | 出愿开始日期 | 出愿结束日期 | 第二次选考/校内考/面试 内容 || 理工学部 -> no_key_missing,https://www.kokushikan.ac.jp/admission/undergraduate/,先核对外国人留学生学部清单与文科科目要求，再补齐关键日期字段
150,35,国際教養大学,bunka_first,1,7,7,0,0,国際教養大学 -> 具体学部PDF | 是否招收留学生 | EJU必要科目 | 是否需要英语成绩 | 出愿开始日期 | 出愿结束日期 | 第二次选考/校内考/面试 内容,https://admission.aiu.ac.jp/ug_admission/international_april/,先核对外国人留学生学部清单与文科科目要求，再补齐关键日期字段
151,35,大東文化大学,bunka_first,1,7,7,0,0,大東文化大学 -> 具体学部PDF | 是否招收留学生 | EJU必要科目 | 是否需要英语成绩 | 出愿开始日期 | 出愿结束日期 | 第二次选考/校内考/面试 内容,https://www.daito.ac.jp/cross/news/details_00640.html,先核对外国人留学生学部清单与文科科目要求，再补齐关键日期字段
152,35,奈良教育大学,bunka_first,1,7,7,0,0,奈良教育大学 -> 具体学部PDF | 是否招收留学生 | EJU必要科目 | 是否需要英语成绩 | 出愿开始日期 | 出愿结束日期 | 第二次选考/校内考/面试 内容,https://www.nara-edu.ac.jp/admissions/claiml.html,先核对外国人留学生学部清单与文科科目要求，再补齐关键日期字段
153,35,工学院大学,mixed,5,7,7,0,0,工学院大学 -> 具体学部PDF | 是否招收留学生 | EJU必要科目 | 是否需要英语成绩 | 出愿开始日期 | 出愿结束日期 | 第二次选考/校内考/面试 内容 || 工学院大学先進工学部 -> no_key_missing || 工学院大学工学部 -> no_key_missing,https://www.kogakuin.ac.jp/admissions/requirement/method/other/foreign.html,先核对外国人留学生学部清单与文科科目要求，再补齐关键日期字段
154,35,帝京大学,mixed,3,7,7,0,0,帝京大学 -> 具体学部PDF | 是否招收留学生 | EJU必要科目 | 是否需要英语成绩 | 出愿开始日期 | 出愿结束日期 | 第二次选考/校内考/面试 内容 || 理工学部A方式 -> no_key_missing || 理工学部Ｂ方式 -> no_key_missing,https://www.teikyo-u.ac.jp/applicants/download#04,先核对外国人留学生学部清单与文科科目要求，再补齐关键日期字段
155,35,愛知工業大学,mixed,3,7,7,0,0,愛知工業大学 -> 具体学部PDF | 是否招收留学生 | EJU必要科目 | 是否需要英语成绩 | 出愿开始日期 | 出愿结束日期 | 第二次选考/校内考/面试 内容 || 工学部 -> no_key_missing || 情報科学部 -> no_key_missing,https://www.ait.ac.jp/examinee/pamphlet/guidelines/,先核对外国人留学生学部清单与文科科目要求，再补齐关键日期字段
156,35,愛知教育大学,bunka_first,1,7,7,0,0,愛知教育大学 -> 具体学部PDF | 是否招收留学生 | EJU必要科目 | 是否需要英语成绩 | 出愿开始日期 | 出愿结束日期 | 第二次选考/校内考/面试 内容,https://www.aichi-edu.ac.jp/exam/entrance/faculty.html,先核对外国人留学生学部清单与文科科目要求，再补齐关键日期字段
157,35,文教大学,bunka_first,1,7,7,0,0,文教大学 -> 具体学部PDF | 是否招收留学生 | EJU必要科目 | 是否需要英语成绩 | 出愿开始日期 | 出愿结束日期 | 第二次选考/校内考/面试 内容,https://www.bunkyo.ac.jp/admission/overview/download/download_special/index.php,先核对外国人留学生学部清单与文科科目要求，再补齐关键日期字段
158,35,明星大学,mixed,4,7,7,0,0,明星大学 -> 具体学部PDF | 是否招收留学生 | EJU必要科目 | 是否需要英语成绩 | 出愿开始日期 | 出愿结束日期 | 第二次选考/校内考/面试 内容 || データサイエンス学部 -> no_key_missing || 情報学部 -> no_key_missing,https://www.meisei-u.ac.jp/admission/outline/international.html,先核对外国人留学生学部清单与文科科目要求，再补齐关键日期字段
159,35,明治学院大学,mixed,2,7,7,0,0,明治学院大学 -> 具体学部PDF | 是否招收留学生 | EJU必要科目 | 是否需要英语成绩 | 出愿开始日期 | 出愿结束日期 | 第二次选考/校内考/面试 内容 || 情報数理学部 -> no_key_missing,http://文系のみ,先核对外国人留学生学部清单与文科科目要求，再补齐关键日期字段
160,35,昭和女子大学,mixed,3,7,7,0,0,昭和女子大学 -> 具体学部PDF | 是否招收留学生 | EJU必要科目 | 是否需要英语成绩 | 出愿开始日期 | 出愿结束日期 | 第二次选考/校内考/面试 内容 || 環境デザイン学部 -> no_key_missing || 食健康科学部 -> no_key_missing,https://www.swu.ac.jp/admission/exam/o_student.html,先核对外国人留学生学部清单与文科科目要求，再补齐关键日期字段
161,35,東北芸術工科大学,mixed,2,7,7,0,0,東北芸術工科大学 -> 具体学部PDF | 是否招收留学生 | EJU必要科目 | 是否需要英语成绩 | 出愿开始日期 | 出愿结束日期 | 第二次选考/校内考/面试 内容 || デザイン工学部 -> no_key_missing,https://www.tuad.ac.jp/adm/information/dept/,先核对外国人留学生学部清单与文科科目要求，再补齐关键日期字段
162,35,武蔵野大学,mixed,3,7,7,0,0,武蔵野大学 -> 具体学部PDF | 是否招收留学生 | EJU必要科目 | 是否需要英语成绩 | 出愿开始日期 | 出愿结束日期 | 第二次选考/校内考/面试 内容 || データサイエンス学部 -> no_key_missing || 工学部 -> no_key_missing,https://www.musashino-u.ac.jp/admission/download/international_students.html,先核对外国人留学生学部清单与文科科目要求，再补齐关键日期字段
163,35,神戸学院大学,mixed,3,7,7,0,0,神戸学院大学 -> 具体学部PDF | 是否招收留学生 | EJU必要科目 | 是否需要英语成绩 | 出愿开始日期 | 出愿结束日期 | 第二次选考/校内考/面试 内容 || 栄養学部 -> no_key_missing || 薬学部 -> no_key_missing,https://www.kobegakuin.ac.jp/admission/01information/info/admissions/,先核对外国人留学生学部清单与文科科目要求，再补齐关键日期字段
164,35,芝浦工業大学,mixed,5,7,7,0,0,芝浦工業大学 -> 具体学部PDF | 是否招收留学生 | EJU必要科目 | 是否需要英语成绩 | 出愿开始日期 | 出愿结束日期 | 第二次选考/校内考/面试 内容 || 芝浦工業大学システム理工学部 -> no_key_missing || 芝浦工業大学デザイン工学部 -> no_key_missing,https://www.shibaura-it.ac.jp/examinee/undergraduate/exam_special/foreigner.html,先核对外国人留学生学部清单与文科科目要求，再补齐关键日期字段
165,35,高崎経済大学,bunka_first,1,7,7,0,0,高崎経済大学 -> 具体学部PDF | 是否招收留学生 | EJU必要科目 | 是否需要英语成绩 | 出愿开始日期 | 出愿结束日期 | 第二次选考/校内考/面试 内容,https://www.tcue.ac.jp/leafpage/312.html,先核对外国人留学生学部清单与文科科目要求，再补齐关键日期字段
166,33,日本女子大学,mixed,5,7,6,0,0,日本女子大学 -> 具体学部PDF | EJU必要科目 | 是否需要英语成绩 | 出愿开始日期 | 出愿结束日期 | 第二次选考/校内考/面试 内容 || 日本女子大学理学部 -> EJU必要科目 || 日本女子大学理学部化学生命科 -> no_key_missing,https://www.jwu.ac.jp/unv/admission/exam/foreign.html,先核对外国人留学生学部清单与文科科目要求，再补齐关键日期字段
167,33,豊橋技術科学大学,mixed,2,7,6,0,0,豊橋技術科学大学 -> 具体学部PDF | EJU必要科目 | 是否需要英语成绩 | 出愿开始日期 | 出愿结束日期 | 第二次选考/校内考/面试 内容 || 豊橋技術科学大学工学部 -> 第二次选考/校内考/面试 内容,https://www.tut.ac.jp/exam/entrance/collect.html,先核对外国人留学生学部清单与文科科目要求，再补齐关键日期字段
168,32,中京大学,mixed,2,6,6,1,0,中京大学 -> 具体学部PDF | EJU必要科目 | 是否需要英语成绩 | 出愿开始日期 | 出愿结束日期 | 第二次选考/校内考/面试 内容 || 工学部 -> no_key_missing,https://nc.chukyo-u.ac.jp/nyushi/net_shutugan/shorui/,先核对外国人留学生学部清单与文科科目要求，再补齐关键日期字段
169,32,成蹊大学,mixed,2,6,6,1,0,成蹊大学 -> 具体学部PDF | 是否招收留学生 | EJU必要科目 | 出愿开始日期 | 出愿结束日期 | 第二次选考/校内考/面试 内容 || 成蹊大学理工学部 -> no_key_missing,https://www.seikei.ac.jp/university/s-net/admissions/others.html,先核对外国人留学生学部清单与文科科目要求，再补齐关键日期字段
170,31,一橋大学,mixed,1,6,6,0,1,一橋大学 -> 具体学部PDF | EJU必要科目 | 是否需要英语成绩 | 出愿开始日期 | 出愿结束日期 | 第二次选考/校内考/面试 内容,https://juken.hit-u.ac.jp/admission/info/guidelines/index.html,先核对外国人留学生学部清单与文科科目要求，再补齐关键日期字段
171,31,成城大学,mixed,1,6,6,0,1,成城大学 -> 具体学部PDF | EJU必要科目 | 是否需要英语成绩 | 出愿开始日期 | 出愿结束日期 | 第二次选考/校内考/面试 内容,http://一般選抜のみ,先核对外国人留学生学部清单与文科科目要求，再补齐关键日期字段
172,31,東京外国語大学,mixed,1,6,6,0,1,東京外国語大学 -> 具体学部PDF | EJU必要科目 | 是否需要英语成绩 | 出愿开始日期 | 出愿结束日期 | 第二次选考/校内考/面试 内容,https://www.tufs.ac.jp/admission/exam/guideline/intl-students-1.html,先核对外国人留学生学部清单与文科科目要求，再补齐关键日期字段
173,31,獨協大学,mixed,1,6,6,0,1,獨協大学 -> 具体学部PDF | EJU必要科目 | 是否需要英语成绩 | 出愿开始日期 | 出愿结束日期 | 第二次选考/校内考/面试 内容,http://文系のみ,先核对外国人留学生学部清单与文科科目要求，再补齐关键日期字段
174,31,玉川大学,mixed,1,6,6,0,1,玉川大学 -> 具体学部PDF | EJU必要科目 | 是否需要英语成绩 | 出愿开始日期 | 出愿结束日期 | 第二次选考/校内考/面试 内容,http://外国人入試なし,先核对外国人留学生学部清单与文科科目要求，再补齐关键日期字段
175,31,聖路加国際大学,bunka_first,1,6,6,0,1,聖路加国際大学 -> 具体学部PDF | EJU必要科目 | 是否需要英语成绩 | 出愿开始日期 | 出愿结束日期 | 第二次选考/校内考/面试 内容,http://外国人修士のみ,先核对外国人留学生学部清单与文科科目要求，再补齐关键日期字段
176,31,豊田工業大学,mixed,1,6,6,0,1,豊田工業大学 -> 具体学部PDF | EJU必要科目 | 是否需要英语成绩 | 出愿开始日期 | 出愿结束日期 | 第二次选考/校内考/面试 内容,http://外国政府派遣留学生特別選抜のみ,先核对外国人留学生学部清单与文科科目要求，再补齐关键日期字段
177,30,中部大学,mixed,5,6,6,0,0,中部大学 -> 是否招收留学生 | EJU必要科目 | 是否需要英语成绩 | 出愿开始日期 | 出愿结束日期 | 第二次选考/校内考/面试 内容 || 工学部 -> no_key_missing || 応用生学部 -> no_key_missing,https://www.chubu.ac.jp/admissions/entrance-exams/guide/,先核对外国人留学生学部清单与文科科目要求，再补齐关键日期字段
178,30,九州工業大学,mixed,1,6,6,0,0,九州工業大学 -> 是否招收留学生 | EJU必要科目 | 是否需要英语成绩 | 出愿开始日期 | 出愿结束日期 | 第二次选考/校内考/面试 内容,https://www.kyutech.ac.jp/examination/gs-expense.html,先核对外国人留学生学部清单与文科科目要求，再补齐关键日期字段
179,30,九州歯科大学,mixed,1,6,6,0,0,九州歯科大学 -> 是否招收留学生 | EJU必要科目 | 是否需要英语成绩 | 出愿开始日期 | 出愿结束日期 | 第二次选考/校内考/面试 内容,https://www.kyu-dent.ac.jp/admissions/departments/application,先核对外国人留学生学部清单与文科科目要求，再补齐关键日期字段
180,30,京都府立大学,mixed,1,6,6,0,0,京都府立大学 -> 是否招收留学生 | EJU必要科目 | 是否需要英语成绩 | 出愿开始日期 | 出愿结束日期 | 第二次选考/校内考/面试 内容,https://www.kpu.ac.jp/admissions/exam/guide/foreigner/,先核对外国人留学生学部清单与文科科目要求，再补齐关键日期字段
181,30,公立諏訪東京理科大学,mixed,1,6,6,0,0,公立諏訪東京理科大学 -> 是否招收留学生 | EJU必要科目 | 是否需要英语成绩 | 出愿开始日期 | 出愿结束日期 | 第二次选考/校内考/面试 内容,https://www.sus.ac.jp/admissions/under_graduate/gaikokujin/,先核对外国人留学生学部清单与文科科目要求，再补齐关键日期字段
182,30,前橋工科大学,mixed,1,6,6,0,0,前橋工科大学 -> 是否招收留学生 | EJU必要科目 | 是否需要英语成绩 | 出愿开始日期 | 出愿结束日期 | 第二次选考/校内考/面试 内容,https://www.maebashi-it.ac.jp/exam/post_393.html,先核对外国人留学生学部清单与文科科目要求，再补齐关键日期字段
183,30,北九州市立大学,mixed,1,6,6,0,0,北九州市立大学 -> 是否招收留学生 | EJU必要科目 | 是否需要英语成绩 | 出愿开始日期 | 出愿结束日期 | 第二次选考/校内考/面试 内容,募集要項、11月中旬に公開,先核对外国人留学生学部清单与文科科目要求，再补齐关键日期字段
184,30,北海道教育大学,bunka_first,1,6,6,0,0,北海道教育大学 -> 具体学部PDF | 是否招收留学生 | 是否需要英语成绩 | 出愿开始日期 | 出愿结束日期 | 第二次选考/校内考/面试 内容,芸術のみ,先核对外国人留学生学部清单与文科科目要求，再补齐关键日期字段
185,30,千葉工業大学,mixed,6,6,6,0,0,千葉工業大学 -> 是否招收留学生 | EJU必要科目 | 是否需要英语成绩 | 出愿开始日期 | 出愿结束日期 | 第二次选考/校内考/面试 内容 || 先進工学部 -> no_key_missing || 創造工学部 -> no_key_missing,https://it-chiba.com/nyushi/system/spe/foreigner/,先核对外国人留学生学部清单与文科科目要求，再补齐关键日期字段
186,30,国際基督教大学,bunka_first,1,6,6,0,0,国際基督教大学 -> 具体学部PDF | EJU必要科目 | 是否需要英语成绩 | 出愿开始日期 | 出愿结束日期 | 第二次选考/校内考/面试 内容,https://www.icu.ac.jp/admissions/undergraduate/exam/eju/,先核对外国人留学生学部清单与文科科目要求，再补齐关键日期字段
187,30,埼玉大学,mixed,1,6,6,0,0,埼玉大学 -> 是否招收留学生 | EJU必要科目 | 是否需要英语成绩 | 出愿开始日期 | 出愿结束日期 | 第二次选考/校内考/面试 内容,https://www.saitama-u.ac.jp/entrance/requirements/index.html,先核对外国人留学生学部清单与文科科目要求，再补齐关键日期字段
188,30,大分大学,mixed,1,6,6,0,0,大分大学 -> 是否招收留学生 | EJU必要科目 | 是否需要英语成绩 | 出愿开始日期 | 出愿结束日期 | 第二次选考/校内考/面试 内容,https://www.oita-u.ac.jp/06nyushi/gakubu/gakubu-tokubetsu04.html,先核对外国人留学生学部清单与文科科目要求，再补齐关键日期字段
189,30,大分県立看護科学大学,mixed,1,6,6,0,0,大分県立看護科学大学 -> 是否招收留学生 | EJU必要科目 | 是否需要英语成绩 | 出愿开始日期 | 出愿结束日期 | 第二次选考/校内考/面试 内容,https://www.oita-nhs.ac.jp/site/examination/documents.html#gsc.tab=0,先核对外国人留学生学部清单与文科科目要求，再补齐关键日期字段
190,30,大和大学,mixed,4,6,6,0,0,大和大学 -> 具体学部PDF | 是否招收留学生 | EJU必要科目 | 出愿开始日期 | 出愿结束日期 | 第二次选考/校内考/面试 内容 || 保健医療学部 -> no_key_missing || 情報学部 -> no_key_missing,https://www.yamato-u.ac.jp/admissions/abroad/,先核对外国人留学生学部清单与文科科目要求，再补齐关键日期字段
191,30,大阪経済大学,bunka_first,1,6,6,0,0,大阪経済大学 -> 具体学部PDF | 是否招收留学生 | 是否需要英语成绩 | 出愿开始日期 | 出愿结束日期 | 第二次选考/校内考/面试 内容,http://文系のみ,先核对外国人留学生学部清单与文科科目要求，再补齐关键日期字段
192,30,奈良女子大学,mixed,1,6,6,0,0,奈良女子大学 -> 是否招收留学生 | EJU必要科目 | 是否需要英语成绩 | 出愿开始日期 | 出愿结束日期 | 第二次选考/校内考/面试 内容,https://www.nara-wu.ac.jp/nyusi/sihiryugakuseiyoko.html,先核对外国人留学生学部清单与文科科目要求，再补齐关键日期字段
193,30,宮城大学,mixed,1,6,6,0,0,宮城大学 -> 是否招收留学生 | EJU必要科目 | 是否需要英语成绩 | 出愿开始日期 | 出愿结束日期 | 第二次选考/校内考/面试 内容,https://www.myu.ac.jp/admissions/request/,先核对外国人留学生学部清单与文科科目要求，再补齐关键日期字段
194,30,宮崎大学,mixed,1,6,6,0,0,宮崎大学 -> 是否招收留学生 | EJU必要科目 | 是否需要英语成绩 | 出愿开始日期 | 出愿结束日期 | 第二次选考/校内考/面试 内容,https://www.miyazaki-u.ac.jp/exam/department-exam/selection.html,先核对外国人留学生学部清单与文科科目要求，再补齐关键日期字段
195,30,富山県立大学,mixed,1,6,6,0,0,富山県立大学 -> 是否招收留学生 | EJU必要科目 | 是否需要英语成绩 | 出愿开始日期 | 出愿结束日期 | 第二次选考/校内考/面试 内容,https://www.pu-toyama.ac.jp/admissions/faculty_exam/requirements/,先核对外国人留学生学部清单与文科科目要求，再补齐关键日期字段
196,30,小樽商科大学,bunka_first,1,6,6,0,0,小樽商科大学 -> 具体学部PDF | 是否招收留学生 | 是否需要英语成绩 | 出愿开始日期 | 出愿结束日期 | 第二次选考/校内考/面试 内容,文系のみ,先核对外国人留学生学部清单与文科科目要求，再补齐关键日期字段
197,30,山梨大学,mixed,1,6,6,0,0,山梨大学 -> 是否招收留学生 | EJU必要科目 | 是否需要英语成绩 | 出愿开始日期 | 出愿结束日期 | 第二次选考/校内考/面试 内容,https://www.yamanashi.ac.jp/admission/291,先核对外国人留学生学部清单与文科科目要求，再补齐关键日期字段
198,30,山陽小野田市立山口東京理科大学,mixed,1,6,6,0,0,山陽小野田市立山口東京理科大学 -> 是否招收留学生 | EJU必要科目 | 是否需要英语成绩 | 出愿开始日期 | 出愿结束日期 | 第二次选考/校内考/面试 内容,https://www.socu.ac.jp/examinee/department-entrance.html,先核对外国人留学生学部清单与文科科目要求，再补齐关键日期字段
199,30,岩手大学,mixed,1,6,6,0,0,岩手大学 -> 是否招收留学生 | EJU必要科目 | 是否需要英语成绩 | 出愿开始日期 | 出愿结束日期 | 第二次选考/校内考/面试 内容,https://www.iwate-u.ac.jp/admission/undergraduate/info.html,先核对外国人留学生学部清单与文科科目要求，再补齐关键日期字段
200,30,岩手県立大学,mixed,1,6,6,0,0,岩手県立大学 -> 是否招收留学生 | EJU必要科目 | 是否需要英语成绩 | 出愿开始日期 | 出愿结束日期 | 第二次选考/校内考/面试 内容,https://www.iwate-pu.ac.jp/examination/Exam_FormDL.html#4_shihi <募集要项无法打开>,先核对外国人留学生学部清单与文科科目要求，再补齐关键日期字段
201,30,帝京平成大学,bunka_first,1,6,6,0,0,人文社会学部 -> 是否招收留学生 | EJU必要科目 | 是否需要英语成绩 | 出愿开始日期 | 出愿结束日期 | 第二次选考/校内考/面试 内容,https://www.thu.ac.jp/exam/guidelines,先核对外国人留学生学部清单与文科科目要求，再补齐关键日期字段
202,30,広島市立大学,mixed,1,6,6,0,0,広島市立大学 -> 是否招收留学生 | EJU必要科目 | 是否需要英语成绩 | 出愿开始日期 | 出愿结束日期 | 第二次选考/校内考/面试 内容,https://www.hiroshima-cu.ac.jp/guide/category0001/content0046/,先核对外国人留学生学部清单与文科科目要求，再补齐关键日期字段
203,30,弘前大学,mixed,1,6,6,0,0,弘前大学 -> 是否招收留学生 | EJU必要科目 | 是否需要英语成绩 | 出愿开始日期 | 出愿结束日期 | 第二次选考/校内考/面试 内容,https://nyushi.hirosaki-u.ac.jp/faculty/,先核对外国人留学生学部清单与文科科目要求，再补齐关键日期字段
204,30,愛知大学,mixed,1,6,6,0,0,愛知大学 -> 具体学部PDF | EJU必要科目 | 是否需要英语成绩 | 出愿开始日期 | 出愿结束日期 | 第二次选考/校内考/面试 内容,http://文系のみ,先核对外国人留学生学部清单与文科科目要求，再补齐关键日期字段
205,30,愛知県立大学,mixed,1,6,6,0,0,愛知県立大学 -> 是否招收留学生 | EJU必要科目 | 是否需要英语成绩 | 出愿开始日期 | 出愿结束日期 | 第二次选考/校内考/面试 内容,https://www.aichi-pu.ac.jp/prospective/undergraduate/guide.html,先核对外国人留学生学部清单与文科科目要求，再补齐关键日期字段
206,30,新潟県立大学,mixed,1,6,6,0,0,新潟県立大学 -> 是否招收留学生 | EJU必要科目 | 是否需要英语成绩 | 出愿开始日期 | 出愿结束日期 | 第二次选考/校内考/面试 内容,https://www.unii.ac.jp/admissions/essential-point/,先核对外国人留学生学部清单与文科科目要求，再补齐关键日期字段
207,30,旭川医科大学,mixed,1,6,6,0,0,旭川医科大学 -> 是否招收留学生 | EJU必要科目 | 是否需要英语成绩 | 出愿开始日期 | 出愿结束日期 | 第二次选考/校内考/面试 内容,https://www.asahikawa-med.ac.jp/admission/exam/faculty_app_guidebook/,先核对外国人留学生学部清单与文科科目要求，再补齐关键日期字段
208,30,札幌医科大学,mixed,1,6,6,0,0,札幌医科大学 -> 是否招收留学生 | EJU必要科目 | 是否需要英语成绩 | 出愿开始日期 | 出愿结束日期 | 第二次选考/校内考/面试 内容,https://web.sapmed.ac.jp/jp/public/exam/l0re8300000000g8.html,先核对外国人留学生学部清单与文科科目要求，再补齐关键日期字段
209,30,札幌市立大学,mixed,1,6,6,0,0,札幌市立大学 -> 是否招收留学生 | EJU必要科目 | 是否需要英语成绩 | 出愿开始日期 | 出愿结束日期 | 第二次选考/校内考/面试 内容,https://www.scu.ac.jp/special-admission/design/info/,先核对外国人留学生学部清单与文科科目要求，再补齐关键日期字段
210,30,東京女子大学,mixed,3,6,6,0,0,東京女子大学 -> 具体学部PDF | EJU必要科目 | 是否需要英语成绩 | 出愿开始日期 | 出愿结束日期 | 第二次选考/校内考/面试 内容 || 東京女子大学現代教養学部 -> no_key_missing || 東京女子大学現代教養学部情報数理科学科 -> no_key_missing,https://www.twcu.ac.jp/main/admissions/dept-info/international.html,先核对外国人留学生学部清单与文科科目要求，再补齐关键日期字段
211,30,東京家政大学,mixed,3,6,6,0,0,東京家政大学 -> 是否招收留学生 | EJU必要科目 | 是否需要英语成绩 | 出愿开始日期 | 出愿结束日期 | 第二次选考/校内考/面试 内容 || 健康科学部 -> no_key_missing || 栄養学部 -> no_key_missing,https://www.tokyo-kasei.ac.jp/admission/2024.html,先核对外国人留学生学部清单与文科科目要求，再补齐关键日期字段
212,30,東京海洋大学,mixed,1,6,6,0,0,東京海洋大学 -> 是否招收留学生 | EJU必要科目 | 是否需要英语成绩 | 出愿开始日期 | 出愿结束日期 | 第二次选考/校内考/面试 内容,https://www.kaiyodai.ac.jp/entranceexamination/undergraduate/requirements/,先核对外国人留学生学部清单与文科科目要求，再补齐关键日期字段
213,30,滋賀県立大学,mixed,1,6,6,0,0,滋賀県立大学 -> 是否招收留学生 | EJU必要科目 | 是否需要英语成绩 | 出愿开始日期 | 出愿结束日期 | 第二次选考/校内考/面试 内容,https://www.usp.ac.jp/nyushi/senbatsuyoukou/tokubetu/,先核对外国人留学生学部清单与文科科目要求，再补齐关键日期字段
214,30,県立広島大学,mixed,1,6,6,0,0,県立広島大学 -> 是否招收留学生 | EJU必要科目 | 是否需要英语成绩 | 出愿开始日期 | 出愿结束日期 | 第二次选考/校内考/面试 内容,https://www.pu-hiroshima.ac.jp/site/undergraduate-selection/boshuyoukou.html#gaikokujin,先核对外国人留学生学部清单与文科科目要求，再补齐关键日期字段
215,30,石川県立大学,mixed,1,6,6,0,0,石川県立大学 -> 是否招收留学生 | EJU必要科目 | 是否需要英语成绩 | 出愿开始日期 | 出愿结束日期 | 第二次选考/校内考/面试 内容,https://www.ishikawa-pu.ac.jp/admission/faculty_admission/faculty_2024/,先核对外国人留学生学部清单与文科科目要求，再补齐关键日期字段
216,30,福井県立大学,mixed,1,6,6,0,0,福井県立大学 -> 是否招收留学生 | EJU必要科目 | 是否需要英语成绩 | 出愿开始日期 | 出愿结束日期 | 第二次选考/校内考/面试 内容,https://www.fpu.ac.jp/news/d000000zzzzw.html,先核对外国人留学生学部清单与文科科目要求，再补齐关键日期字段
217,30,福岡女子大学,mixed,1,6,6,0,0,福岡女子大学 -> 是否招收留学生 | EJU必要科目 | 是否需要英语成绩 | 出愿开始日期 | 出愿结束日期 | 第二次选考/校内考/面试 内容,募集要項、7月に公開,先核对外国人留学生学部清单与文科科目要求，再补齐关键日期字段
218,30,福岡教育大学,bunka_first,1,6,6,0,0,福岡教育大学 -> 是否招收留学生 | EJU必要科目 | 是否需要英语成绩 | 出愿开始日期 | 出愿结束日期 | 第二次选考/校内考/面试 内容,https://www.fukuoka-edu.ac.jp/admissions/information/abroad.html,先核对外国人留学生学部清单与文科科目要求，再补齐关键日期字段
219,30,福島大学,mixed,1,6,6,0,0,福島大学 -> 是否招收留学生 | EJU必要科目 | 是否需要英语成绩 | 出愿开始日期 | 出愿结束日期 | 第二次选考/校内考/面试 内容,https://nyushi.adb.fukushima-u.ac.jp/yoko.html,先核对外国人留学生学部清单与文科科目要求，再补齐关键日期字段
220,30,福島県立医科大学,mixed,1,6,6,0,0,福島県立医科大学 -> 是否招收留学生 | EJU必要科目 | 是否需要英语成绩 | 出愿开始日期 | 出愿结束日期 | 第二次选考/校内考/面试 内容,https://www.fmu.ac.jp/univ/nyugaku/nyusi.html#youkou,先核对外国人留学生学部清单与文科科目要求，再补齐关键日期字段
221,30,秋田県立大学,mixed,1,6,6,0,0,秋田県立大学 -> 是否招收留学生 | EJU必要科目 | 是否需要英语成绩 | 出愿开始日期 | 出愿结束日期 | 第二次选考/校内考/面试 内容,https://www.akita-pu.ac.jp/event2/e-gakubu/e-gakubu2024/8326,先核对外国人留学生学部清单与文科科目要求，再补齐关键日期字段
222,30,追手門学院大学,mixed,2,6,6,0,0,追手門学院大学 -> 具体学部PDF | EJU必要科目 | 是否需要英语成绩 | 出愿开始日期 | 出愿结束日期 | 第二次选考/校内考/面试 内容 || 地域創造学部 -> no_key_missing,https://nyushi.otemon.ac.jp/admission/,先核对外国人留学生学部清单与文科科目要求，再补齐关键日期字段
223,30,都留文科大学,bunka_first,1,6,6,0,0,都留文科大学 -> 具体学部PDF | 是否招收留学生 | 是否需要英语成绩 | 出愿开始日期 | 出愿结束日期 | 第二次选考/校内考/面试 内容,文系のみ,先核对外国人留学生学部清单与文科科目要求，再补齐关键日期字段
224,30,長崎県立大学,mixed,1,6,6,0,0,長崎県立大学 -> 是否招收留学生 | EJU必要科目 | 是否需要英语成绩 | 出愿开始日期 | 出愿结束日期 | 第二次选考/校内考/面试 内容,https://sun.ac.jp/examination/department/admissions/,先核对外国人留学生学部清单与文科科目要求，再补齐关键日期字段
225,30,長野県立大学,mixed,1,6,6,0,0,長野県立大学 -> 是否招收留学生 | EJU必要科目 | 是否需要英语成绩 | 出愿开始日期 | 出愿结束日期 | 第二次选考/校内考/面试 内容,https://www.u-nagano.ac.jp/admissions/overview/tokubetsu/ryugakusei/,先核对外国人留学生学部清单与文科科目要求，再补齐关键日期字段
226,30,電気通信大学,mixed,1,6,6,0,0,電気通信大学 -> 是否招收留学生 | EJU必要科目 | 是否需要英语成绩 | 出愿开始日期 | 出愿结束日期 | 第二次选考/校内考/面试 内容,https://www.uec.ac.jp/education/undergraduate/admission/senbatsu_type.html,先核对外国人留学生学部清单与文科科目要求，再补齐关键日期字段
227,30,静岡文化芸術大学,bunka_first,1,6,6,0,0,静岡文化芸術大学 -> 具体学部PDF | 是否招收留学生 | 是否需要英语成绩 | 出愿开始日期 | 出愿结束日期 | 第二次选考/校内考/面试 内容,芸術のみ,先核对外国人留学生学部清单与文科科目要求，再补齐关键日期字段
228,30,香川大学,mixed,1,6,6,0,0,香川大学 -> 是否招收留学生 | EJU必要科目 | 是否需要英语成绩 | 出愿开始日期 | 出愿结束日期 | 第二次选考/校内考/面试 内容,https://www.kagawa-u.ac.jp/admission/admission_guide/241/,先核对外国人留学生学部清单与文科科目要求，再补齐关键日期字段
229,30,高知県立大学,mixed,1,6,6,0,0,高知県立大学 -> 是否招收留学生 | EJU必要科目 | 是否需要英语成绩 | 出愿开始日期 | 出愿结束日期 | 第二次选考/校内考/面试 内容,https://www.u-kochi.ac.jp/site/nyushi/guide.html,先核对外国人留学生学部清单与文科科目要求，再补齐关键日期字段
230,30,鹿屋体育大学,mixed,1,6,6,0,0,鹿屋体育大学 -> 是否招收留学生 | EJU必要科目 | 是否需要英语成绩 | 出愿开始日期 | 出愿结束日期 | 第二次选考/校内考/面试 内容,https://www.nifs-k.ac.jp/admission/faculty/exam/foreign-student/,先核对外国人留学生学部清单与文科科目要求，再补齐关键日期字段
231,27,名古屋大学,mixed,5,7,3,0,0,名古屋大学 -> 出愿开始日期 | 出愿结束日期 | 第二次选考/校内考/面试 内容 || 名古屋大学医学部 -> 第二次选考/校内考/面试 内容 || 名古屋大学情報学部 -> 第二次选考/校内考/面试 内容,https://www.nagoya-u.ac.jp/admissions/exam/us-exam/cat2/index.html,先核对外国人留学生学部清单与文科科目要求，再补齐关键日期字段
232,27,名城大学,mixed,5,7,3,0,0,名城大学 -> EJU必要科目 | 是否需要英语成绩 | 第二次选考/校内考/面试 内容 || 情報工学部 -> 第二次选考/校内考/面试 内容 || 理工学部 -> 第二次选考/校内考/面试 内容,https://www.meijo-u.ac.jp/admissions/doc/,先核对外国人留学生学部清单与文科科目要求，再补齐关键日期字段
233,26,大阪大学,mixed,10,6,2,2,0,大阪大学_理学部 -> EJU必要科目 | 第二次选考/校内考/面试 内容 || 大阪大学医学部 -> 第二次选考/校内考/面试 内容 || 大阪大学医学部保健学科 -> EJU必要科目,https://www.osaka-u.ac.jp/ja/admissions/faculty/expense/index2.html,先核对外国人留学生学部清单与文科科目要求，再补齐关键日期字段
234,26,東京大学,mixed,2,6,4,0,0,東京大学 -> 具体学部PDF | 出愿开始日期 | 出愿结束日期 | 第二次选考/校内考/面试 内容 || 理科各種 -> EJU必要科目 | 第二次选考/校内考/面试 内容,https://www.u-tokyo.ac.jp/ja/admissions/undergraduate/e01_02_04.html,先核对外国人留学生学部清单与文科科目要求，再补齐关键日期字段
235,25,名古屋工業大学,mixed,6,7,2,0,0,名古屋工業大学 -> EJU必要科目 | 第二次选考/校内考/面试 内容 || 名古屋工業大学工学部情報工学科 -> 第二次选考/校内考/面试 内容 || 名古屋工業大学工学部物理工学科 -> 第二次选考/校内考/面试 内容,https://www.nitech.ac.jp/examination/gakubu/request.html,先核对外国人留学生学部清单与文科科目要求，再补齐关键日期字段
236,25,東京学芸大学,bunka_first,1,5,5,0,0,文系のみ -> EJU必要科目 | 是否需要英语成绩 | 出愿开始日期 | 出愿结束日期 | 第二次选考/校内考/面试 内容,https://www.u-gakugei.ac.jp/nyushi/gakubu/guidebook.html,先核对外国人留学生学部清单与文科科目要求，再补齐关键日期字段
237,25,法政大学,bunka_first,1,5,5,0,0,法政大学 -> 具体学部PDF | EJU必要科目 | 出愿开始日期 | 出愿结束日期 | 第二次选考/校内考/面试 内容,https://www.guide.52school.com/guidance/net-hosei-tokubetsu/gid/?_ga=2.155593147.1882903549.1714625516-102588070.1714625516,先核对外国人留学生学部清单与文科科目要求，再补齐关键日期字段
238,25,熊本県立大学,bunka_first,1,5,5,0,0,熊本県立大学総合管理学部 -> 是否招收留学生 | 是否需要英语成绩 | 出愿开始日期 | 出愿结束日期 | 第二次选考/校内考/面试 内容,https://www.pu-kumamoto.ac.jp/examination/special-selection/,先核对外国人留学生学部清单与文科科目要求，再补齐关键日期字段
239,24,佐賀大学,mixed,4,6,3,0,0,佐賀大学 -> 具体学部PDF | EJU必要科目 | 第二次选考/校内考/面试 内容 || 佐賀大学医学部医学科 -> 第二次选考/校内考/面试 内容 || 佐賀大学理工学部 -> 第二次选考/校内考/面试 内容,https://www.sao.saga-u.ac.jp/gakubu/shihiryuugaku.html,先核对外国人留学生学部清单与文科科目要求，再补齐关键日期字段
240,22,京都工芸繊維大学,mixed,5,6,2,0,0,京都工芸繊維大学 -> EJU必要科目 | 第二次选考/校内考/面试 内容 || 京都工芸繊維大学デザイン科学域 -> 第二次选考/校内考/面试 内容 || 京都工芸繊維大学応用生物学域 -> 第二次选考/校内考/面试 内容,https://www.kit.ac.jp/test_index/school_news/type_abroad/,先核对外国人留学生学部清单与文科科目要求，再补齐关键日期字段
241,21,和歌山大学,mixed,3,5,3,0,0,和歌山大学 -> 具体学部PDF | EJU必要科目 | 第二次选考/校内考/面试 内容 || 和歌山大学システム工学部 -> 第二次选考/校内考/面试 内容 || 和歌山大学観光学部 -> 第二次选考/校内考/面试 内容,https://www.wakayama-u.ac.jp/admission/faculty/invitation/index.html,先核对外国人留学生学部清单与文科科目要求，再补齐关键日期字段
242,20,早稲田大学,bunka_first,7,6,1,0,0,早稲田大学人間科学部人間情報科学科 -> 第二次选考/校内考/面试 内容 || 早稲田大学人間科学部人間環境科学科 -> 第二次选考/校内考/面试 内容 || 早稲田大学人間科学部健康福祉科学科 -> 第二次选考/校内考/面试 内容,https://www.waseda.jp/inst/admission/assets/uploads/2025/04/adb3945f9c43c494b7b9a92f05959908.pdf,先核对外国人留学生学部清单与文科科目要求，再补齐关键日期字段
243,20,京都大学,mixed,2,4,4,0,0,京都大学 -> 具体学部PDF | 出愿开始日期 | 出愿结束日期 | 第二次选考/校内考/面试 内容 || 工学部 -> no_key_missing,https://www.kyoto-u.ac.jp/ja/international/students1/study1/undergraduate,先核对外国人留学生学部清单与文科科目要求，再补齐关键日期字段
244,19,秋田大学,bunka_first,4,5,2,0,0,秋田大学総合環境理工学部 -> EJU必要科目 | 第二次选考/校内考/面试 内容 || 秋田大学総合環境理工学部应用化学 生物学科 -> 第二次选考/校内考/面试 内容 || 秋田大学総合環境理工学部環境数物科学科 -> 第二次选考/校内考/面试 内容,https://www.akita-u.ac.jp/admission/eventa/item_pro4_689.html,先核对外国人留学生学部清单与文科科目要求，再补齐关键日期字段
245,16,宇都宮大学,bunka_first,2,4,2,0,0,宇都宮大学地域デザイン科学部社会基盤デザイン学科 -> EJU必要科目 | 第二次选考/校内考/面试 内容 || 宇都宮大学農学部エコロジカル社会経済学科 -> EJU必要科目 | 第二次选考/校内考/面试 内容,https://www.utsunomiya-u.ac.jp/admission/special.php,先核对外国人留学生学部清单与文科科目要求，再补齐关键日期字段
246,15,明治大学,bunka_first,3,3,3,0,0,明治大学総合数理学部 -> 出愿开始日期 | 出愿结束日期 | 第二次选考/校内考/面试 内容 || 明治大学情報コミュニケーション学部 -> no_key_missing || 明治大学農学部食料環境政策学科 -> no_key_missing,https://www.meiji.ac.jp/cip/prospective/admission_exams/undergraduate.html,先核对外国人留学生学部清单与文科科目要求，再补齐关键日期字段
247,12,東洋大学,bunka_first,14,0,0,6,0,東洋大学福祉社会デザイン学部 -> no_key_missing || 東洋大学福祉社会デザイン学部 -> no_key_missing || 東洋大学福祉社会デザイン学部人間環境デザイン学科 -> no_key_missing,https://www.toyo.ac.jp/nyushi/admission/admission-data/international-student/japan/,先核对外国人留学生学部清单与文科科目要求，再补齐关键日期字段
248,10,中央大学,bunka_first,3,2,2,0,0,中央大学理工学部A方式人間総合理工学科 -> EJU必要科目 | 第二次选考/校内考/面试 内容 || 中央大学国際経営A方式 -> no_key_missing || 中央大学国際経営A方式国際経営学科 -> no_key_missing,https://www.chuo-u.ac.jp/connect/admission/special/guide/,先核对外国人留学生学部清单与文科科目要求，再补齐关键日期字段
249,10,名古屋市立大学,bunka_first,1,2,2,0,0,名古屋市立大学総合生命理学部 -> 是否需要英语成绩 | 第二次选考/校内考/面试 内容,https://www.nagoya-cu.ac.jp/admissions/undergraduate/guide/,先核对外国人留学生学部清单与文科科目要求，再补齐关键日期字段
250,10,名桜大学,bunka_first,1,2,2,0,0,名桜大学国際学部 -> EJU必要科目 | 第二次选考/校内考/面试 内容,https://www.meio-u.ac.jp/admission/exam/guide/undergraduate/,先核对外国人留学生学部清单与文科科目要求，再补齐关键日期字段
251,8,徳島大学,bunka_first,2,2,1,0,0,徳島大学医学部保健学科看護学専攻 -> 第二次选考/校内考/面试 内容 || 徳島大学総合科学部 -> 第二次选考/校内考/面试 内容,https://www.tokushima-u.ac.jp/admission/admission/senbatsuyoko.html,先核对外国人留学生学部清单与文科科目要求，再补齐关键日期字段
252,5,上智大学,bunka_first,2,1,1,0,0,上智大学総合人間科学学部 -> EJU必要科目 || 上智大学総合人間科学学部看護学科 -> no_key_missing,https://adm.sophia.ac.jp/jpn/gakubu_tokubetsu_ad/gaikokujin/,先核对外国人留学生学部清单与文科科目要求，再补齐关键日期字段
253,5,九州大学,bunka_first,1,1,1,0,0,九州大学医学部保健学科看护専攻 -> 第二次选考/校内考/面试 内容,https://www.kyushu-u.ac.jp/ja/admission/faculty/selection,先核对外国人留学生学部清单与文科科目要求，再补齐关键日期字段
254,5,北海道大学,bunka_first,1,1,1,0,0,北海道大学水産学部 -> 第二次选考/校内考/面试 内容,https://www.hokudai.ac.jp/admission/faculty/intl-private/,先核对外国人留学生学部清单与文科科目要求，再补齐关键日期字段
255,5,島根大学,bunka_first,1,1,1,0,0,島根大学総合理工学部 -> 第二次选考/校内考/面试 内容,https://www.shimane-u.ac.jp/nyushi/information/application/,先核对外国人留学生学部清单与文科科目要求，再补齐关键日期字段
256,5,甲南大学,bunka_first,1,1,1,0,0,物理学科 -> 第二次选考/校内考/面试 内容,https://ch.konan-u.ac.jp/admission/application/,先核对外国人留学生学部清单与文科科目要求，再补齐关键日期字段
257,5,茨城大学,bunka_first,1,1,1,0,0,茨城大学農学部 -> 第二次选考/校内考/面试 内容,https://www.ibaraki.ac.jp/guidance/application/,先核对外国人留学生学部清单与文科科目要求，再补齐关键日期字段
258,5,鳥取大学,bunka_first,1,1,1,0,0,鳥取大学医学科保健学科 -> 第二次选考/校内考/面试 内容,https://www.admissions.adm.tottori-u.ac.jp/,先核对外国人留学生学部清单与文科科目要求，再补齐关键日期字段
259,0,上越教育大学,bunka_first,1,0,0,0,0,上越教育大学 -> no_key_missing,一般選抜のみ,先核对外国人留学生学部清单与文科科目要求，再补齐关键日期字段
260,0,京都教育大学,bunka_first,1,0,0,0,0,京都教育大学 -> no_key_missing,留学生なし,先核对外国人留学生学部清单与文科科目要求，再补齐关键日期字段
261,0,兵庫教育大学,bunka_first,1,0,0,0,0,兵庫教育大学 -> no_key_missing,留学生なし,先核对外国人留学生学部清单与文科科目要求，再补齐关键日期字段
262,0,大妻女子大学,bunka_first,1,0,0,0,0,社会情報学部 -> no_key_missing,https://www.otsuma.ac.jp/admissions/undergraduate-outline/other/#target02,先核对外国人留学生学部清单与文科科目要求，再补齐关键日期字段
263,0,大阪教育大学,bunka_first,4,0,0,0,0,大阪教育大学教育協働学科イノベーション専攻数理環境安全科学コース -> no_key_missing || 大阪教育大学教育協働学科コミュニティ支援専攻スポーツ健康コース -> no_key_missing || 大阪教育大学教育協働学科教育イノベーション専攻数理・知能情報コース -> no_key_missing,https://osaka-kyoiku.ac.jp/admission/department/gakubu_shihiryu.html,先核对外国人留学生学部清单与文科科目要求，再补齐关键日期字段
264,0,学習院大学,bunka_first,7,0,0,0,0,学習院大学文学部 -> no_key_missing || 学習院大学文学部史学科 -> no_key_missing || 学習院大学文学部哲学科 -> no_key_missing,https://www.univ.gakushuin.ac.jp/admissions/faculty-exam/international-student/,先核对外国人留学生学部清单与文科科目要求，再补齐关键日期字段
265,0,宮城教育大学,bunka_first,1,0,0,0,0,宮城教育大学 -> no_key_missing,一般選抜のみ,先核对外国人留学生学部清单与文科科目要求，再补齐关键日期字段
266,0,慶應義塾大学,bunka_first,2,0,0,0,0,慶應義塾大学環境情報学部 -> no_key_missing || 慶應義塾大学総合政策学部 -> no_key_missing,https://www.keio.ac.jp/ja/admissions/examinations/international-students/,先核对外国人留学生学部清单与文科科目要求，再补齐关键日期字段
267,0,日本大学,bunka_first,2,0,0,0,0,日本大学文理学部 -> no_key_missing || 日本大学文理学部地理学科 -> no_key_missing,https://www.nihon-u.ac.jp/admission_info/application/international/form_download/,先核对外国人留学生学部清单与文科科目要求，再补齐关键日期字段
268,0,東京科学大学,bunka_first,3,0,0,0,0,東京科学大学医学部保健衛生学科看護学専攻 -> no_key_missing || 東京科学大学歯学部保健学科・保健衛生専攻 -> no_key_missing || 東京科学大学歯学部保健工学専攻 -> no_key_missing,https://admissions.titech.ac.jp/admissions/admission/admission/international,先核对外国人留学生学部清单与文科科目要求，再补齐关键日期字段
269,0,東京農業大学,bunka_first,1,0,0,0,0,国際食料情報学部 -> no_key_missing,https://www.nodai.ac.jp/admission/info/webentry/,先核对外国人留学生学部清单与文科科目要求，再补齐关键日期字段
270,0,立命館大学,bunka_first,4,0,0,0,0,立命館大学スポーツ健康科学部 -> no_key_missing || 立命館大学スポーツ健康科学部スポーツ健康科学科 -> no_key_missing || 立命館大学食マネジメント学部 -> no_key_missing,https://ritsnet.ritsumei.jp/admission/international/abroad.html,先核对外国人留学生学部清单与文科科目要求，再补齐关键日期字段
271,0,立正大学,bunka_first,1,0,0,0,0,社会福祉学部 -> no_key_missing,https://admissions.ris.ac.jp/admissions/exam_international_student.html,先核对外国人留学生学部清单与文科科目要求，再补齐关键日期字段
272,0,近畿大学,bunka_first,1,0,0,0,0,経営ビジネス学科 -> no_key_missing,https://www.kindai.ac.jp/campus-life/international-exchange/foreign-student/exam/,先核对外国人留学生学部清单与文科科目要求，再补齐关键日期字段
273,0,関西大学,bunka_first,2,0,0,0,0,関西大学総合情報学部 -> no_key_missing || 関西大学総合情報学部総合情報学科 -> no_key_missing,https://www.nyusi.kansai-u.ac.jp/admission/foreigner/,先核对外国人留学生学部清单与文科科目要求，再补齐关键日期字段
274,0,青山学院大学,bunka_first,1,0,0,0,0,青山学院大学理工学部経営システム工学科 -> no_key_missing,https://www.aoyama.ac.jp/admission/undergraduate/request/request.html,先核对外国人留学生学部清单与文科科目要求，再补齐关键日期字段
275,0,駒澤大学,bunka_first,1,0,0,0,0,駒沢大学文学部 -> no_key_missing,https://www.komazawa-u.ac.jp/exam/information/private-expense-forign-student.html,先核对外国人留学生学部清单与文科科目要求，再补齐关键日期字段
276,0,鳴門教育大学,bunka_first,1,0,0,0,0,鳴門教育大学 -> no_key_missing,留学生なし,先核对外国人留学生学部清单与文科科目要求，再补齐关键日期字段
277,0,龍谷大学,bunka_first,1,0,0,0,0,食料農業システム学科 -> no_key_missing,https://www.ryukoku.ac.jp/admission/nyushi/foreign/,先核对外国人留学生学部清单与文科科目要求，再补齐关键日期字段
