school,hensachi,qs,tier,source,note
HAL大阪,52,9999,C级,fallback_group,not_found_in_toshin_keep_existing
IPU環太平洋大学,51,9999,C级,dynamic_cache,not_found_in_toshin_keep_existing
お茶の水女子大学,65,800,S级,toshin_hensachi_2026,matched=お茶の水女子大学
くらしき作陽大学,48,9999,C级,toshin_hensachi_2026,matched=くらしき作陽大学
びわこ成蹊スポーツ大学,52,9999,C级,fallback_group,not_found_in_toshin_keep_existing
ものつくり大学,54,9999,C级,toshin_hensachi_2026,matched=ものつくり大学
グローバルBiz専門職大学,52,9999,C级,fallback_group,not_found_in_toshin_keep_existing
テンプル大学ジャパンキャンパス,58,9999,B级,dynamic_cache,not_found_in_toshin_keep_existing
デジタルハリウッド大学,55,9999,B级,dynamic_cache,not_found_in_toshin_keep_existing
ハリウッド大学院大学,53,9999,C级,fallback_group,not_found_in_toshin_keep_existing
フェリス女学院大学,55,9999,B级,toshin_hensachi_2026,matched=フェリス女学院大学
ルーテル学院大学,52,9999,C级,fallback_group,not_found_in_toshin_keep_existing
レイクランド大学ジャパンキャンパス,52,9999,C级,fallback_group,not_found_in_toshin_keep_existing
一橋大学,68,400,S级,toshin_hensachi_2026,matched=一橋大学
三重大学,59,9999,B级,toshin_hensachi_2026,matched=三重大学
上智大学,67,700,S级,toshin_hensachi_2026,matched=上智大学
上武大学,54,9999,C级,dynamic_cache,not_found_in_toshin_keep_existing
上海大学東京校,52,9999,C级,fallback_group,not_found_in_toshin_keep_existing
上越教育大学,56,9999,B级,toshin_hensachi_2026,matched=上越教育大学
下関市立大学,61,9999,A级,toshin_hensachi_2026,matched=下関市立大学
中京大学,63,9999,A级,toshin_hensachi_2026,matched=中京大学
中京学院大学,51,9999,C级,dynamic_cache,not_found_in_toshin_keep_existing
中国学園大学,52,9999,C级,fallback_group,not_found_in_toshin_keep_existing
中央大学,67,800,S级,toshin_hensachi_2026,matched=中央大学
中央学院大学,52,9999,C级,dynamic_cache,not_found_in_toshin_keep_existing
中日本自動車短期大学,52,9999,C级,fallback_group,not_found_in_toshin_keep_existing
中村学園大学,50,9999,C级,toshin_hensachi_2026,matched=中村学園大学
中部大学,57,9999,B级,toshin_hensachi_2026,matched=中部大学
久留米大学,50,9999,C级,toshin_hensachi_2026,matched=久留米大学
久留米工業大学,51,9999,C级,dynamic_cache,not_found_in_toshin_keep_existing
九州ルーテル学院大学,52,9999,C级,fallback_group,not_found_in_toshin_keep_existing
九州共立大学,49,9999,C级,toshin_hensachi_2026,matched=九州共立大学
九州国際大学,44,9999,C级,toshin_hensachi_2026,matched=九州国際大学
九州大学,64,167,A级,toshin_hensachi_2026,matched=九州大学
九州女子大学,52,9999,C级,fallback_group,not_found_in_toshin_keep_existing
九州工業大学,60,9999,A级,toshin_hensachi_2026,matched=九州工業大学
九州情報大学,51,9999,C级,dynamic_cache,not_found_in_toshin_keep_existing
九州栄養福祉大学,44,9999,C级,toshin_hensachi_2026,matched=九州栄養福祉大学
九州歯科大学,58,9999,B级,toshin_hensachi_2026,matched=九州歯科大学
九州産業大学,51,9999,C级,toshin_hensachi_2026,matched=九州産業大学
九州産業大学造形短期大学部,51,9999,C级,toshin_hensachi_2026,not_found_in_toshin_keep_existing
事業創造大学院大学,53,9999,C级,fallback_group,not_found_in_toshin_keep_existing
二松学舎大学,55,9999,B级,dynamic_cache,not_found_in_toshin_keep_existing
亜細亜大学,55,9999,B级,toshin_hensachi_2026,matched=亜細亜大学
京都ノートルダム女子大学,51,9999,C级,dynamic_cache,not_found_in_toshin_keep_existing
京都先端科学大学,52,9999,C级,toshin_hensachi_2026,matched=京都先端科学大学
京都光華女子大学,52,9999,C级,fallback_group,not_found_in_toshin_keep_existing
京都光華女子大学短期大学部,52,9999,C级,fallback_group,not_found_in_toshin_keep_existing
京都外国語大学,58,9999,B级,toshin_hensachi_2026,matched=京都外国語大学
京都大学,69,50,S级,toshin_hensachi_2026,matched=京都大学
京都女子大学,60,9999,A级,toshin_hensachi_2026,matched=京都女子大学
京都学園大学,52,9999,C级,fallback_group,not_found_in_toshin_keep_existing
京都工芸繊維大学,62,9999,A级,toshin_hensachi_2026,matched=京都工芸繊維大学
京都市立芸術大学,58,9999,B级,toshin_hensachi_2026,matched=京都市立芸術大学
京都府立大学,63,9999,A级,toshin_hensachi_2026,matched=京都府立大学
京都情報大学院大学,53,9999,C级,fallback_group,not_found_in_toshin_keep_existing
京都橘大学,50,9999,C级,toshin_hensachi_2026,matched=京都橘大学
京都産業大学,55,9999,B级,toshin_hensachi_2026,matched=京都産業大学
京都精華大学,53,9999,C级,dynamic_cache,not_found_in_toshin_keep_existing
京都経済短期大学,52,9999,C级,fallback_group,not_found_in_toshin_keep_existing
京都美術工芸大学,51,9999,C级,dynamic_cache,not_found_in_toshin_keep_existing
京都芸術大学,58,9999,B级,dynamic_cache,not_found_in_toshin_keep_existing
京都薬科大学,61,9999,A级,toshin_hensachi_2026,matched=京都薬科大学
京都西山短期大学,52,9999,C级,fallback_group,not_found_in_toshin_keep_existing
京都造形芸術大学,58,9999,B级,dynamic_cache,not_found_in_toshin_keep_existing
人間環境大学,52,9999,C级,fallback_group,not_found_in_toshin_keep_existing
仁愛大学,52,9999,C级,fallback_group,not_found_in_toshin_keep_existing
今治明徳短期大学,52,9999,C级,fallback_group,not_found_in_toshin_keep_existing
仏教大学,52,9999,C级,fallback_group,not_found_in_toshin_keep_existing
仙台白百合女子大学,45,9999,C级,toshin_hensachi_2026,matched=仙台白百合女子大学
会津大学,59,9999,B级,toshin_hensachi_2026,matched=会津大学
佐賀大学,57,9999,B级,toshin_hensachi_2026,matched=佐賀大学
佐賀女子短期大学,52,9999,C级,fallback_group,not_found_in_toshin_keep_existing
作新学院大学,51,9999,C级,dynamic_cache,not_found_in_toshin_keep_existing
作陽短期大学,52,9999,C级,fallback_group,not_found_in_toshin_keep_existing
信州大学,60,9999,A级,toshin_hensachi_2026,matched=信州大学
信州豊南短期大学,52,9999,C级,fallback_group,not_found_in_toshin_keep_existing
倉敷芸術科学大学,51,9999,C级,dynamic_cache,not_found_in_toshin_keep_existing
公立はこだて未来大学,56,9999,B级,toshin_hensachi_2026,matched=公立はこだて未来大学
公立小松大学,56,9999,B级,toshin_hensachi_2026,matched=公立小松大学
公立諏訪東京理科大学,55,700,B级,toshin_hensachi_2026,matched=公立諏訪東京理科大学
公立鳥取環境大学,55,9999,B级,toshin_hensachi_2026,matched=公立鳥取環境大学
共愛学園前橋国際大学,52,9999,C级,fallback_group,not_found_in_toshin_keep_existing
共栄大学,51,9999,C级,dynamic_cache,not_found_in_toshin_keep_existing
共立女子大学,52,9999,C级,toshin_hensachi_2026,matched=共立女子大学
共立女子短期大学,52,9999,C级,fallback_group,not_found_in_toshin_keep_existing
兵庫大学,51,9999,C级,dynamic_cache,not_found_in_toshin_keep_existing
兵庫教育大学,57,9999,B级,toshin_hensachi_2026,matched=兵庫教育大学
兵庫県立大学,60,9999,A级,toshin_hensachi_2026,matched=兵庫県立大学
別府大学,52,9999,C级,fallback_group,not_found_in_toshin_keep_existing
前橋工科大学,55,9999,B级,toshin_hensachi_2026,matched=前橋工科大学
創価大学,57,9999,B级,toshin_hensachi_2026,matched=創価大学
北九州市立大学,60,9999,A级,toshin_hensachi_2026,matched=北九州市立大学
北京語言大学東京校,51,9999,C级,dynamic_cache,not_found_in_toshin_keep_existing
北星学園大学,55,9999,B级,toshin_hensachi_2026,matched=北星学園大学
北洋大学,52,9999,C级,fallback_group,not_found_in_toshin_keep_existing
北海学園大学,55,9999,B级,toshin_hensachi_2026,matched=北海学園大学
北海道医療大学,59,9999,B级,toshin_hensachi_2026,matched=北海道医療大学
北海道千歳リハビリテーション大学,52,9999,C级,fallback_group,not_found_in_toshin_keep_existing
北海道大学,65,173,S级,toshin_hensachi_2026,matched=北海道大学
北海道情報大学,50,9999,C级,toshin_hensachi_2026,matched=北海道情報大学
北海道教育大学,53,9999,C级,dynamic_cache,not_found_in_toshin_keep_existing
北海道科学大学,54,9999,C级,toshin_hensachi_2026,matched=北海道科学大学
北見工業大学,53,9999,C级,toshin_hensachi_2026,matched=北見工業大学
北里大学,60,9999,A级,toshin_hensachi_2026,matched=北里大学
北陸先端科学技術大学院大学,53,9999,C级,fallback_group,not_found_in_toshin_keep_existing
北陸大学,44,9999,C级,toshin_hensachi_2026,matched=北陸大学
医療創生大学,44,9999,C级,toshin_hensachi_2026,matched=医療創生大学
十文字学園女子大学,52,9999,C级,fallback_group,not_found_in_toshin_keep_existing
千葉商科大学,55,9999,B级,toshin_hensachi_2026,matched=千葉商科大学
千葉大学,63,490,A级,toshin_hensachi_2026,matched=千葉大学
千葉工業大学,56,9999,B级,toshin_hensachi_2026,matched=千葉工業大学
千葉科学大学,51,9999,C级,dynamic_cache,not_found_in_toshin_keep_existing
南山大学,63,9999,A级,toshin_hensachi_2026,matched=南山大学
叡啓大学,52,9999,C级,fallback_group,not_found_in_toshin_keep_existing
吉備国際大学,52,9999,C级,fallback_group,not_found_in_toshin_keep_existing
同志社大学,67,800,S级,toshin_hensachi_2026,matched=同志社大学
同志社女子大学,58,9999,B级,toshin_hensachi_2026,matched=同志社女子大学
同朋大学,52,9999,C级,fallback_group,not_found_in_toshin_keep_existing
名古屋商科大学,54,9999,C级,dynamic_cache,not_found_in_toshin_keep_existing
名古屋国際工科専門職大学,52,9999,C级,fallback_group,not_found_in_toshin_keep_existing
名古屋外国語大学,63,9999,A级,toshin_hensachi_2026,matched=名古屋外国語大学
名古屋大学,65,152,S级,toshin_hensachi_2026,matched=名古屋大学
名古屋学院大学,54,9999,C级,toshin_hensachi_2026,matched=名古屋学院大学
名古屋工業大学,62,9999,A级,toshin_hensachi_2026,matched=名古屋工業大学
名古屋市立大学,64,9999,A级,toshin_hensachi_2026,matched=名古屋市立大学
名古屋産業大学,52,9999,C级,fallback_group,not_found_in_toshin_keep_existing
名古屋経営短期大学,52,9999,C级,fallback_group,not_found_in_toshin_keep_existing
名古屋経済大学,51,9999,C级,dynamic_cache,not_found_in_toshin_keep_existing
名古屋芸術大学,53,9999,C级,dynamic_cache,not_found_in_toshin_keep_existing
名古屋造形大学,52,9999,C级,fallback_group,not_found_in_toshin_keep_existing
名古屋音楽大学,52,9999,C级,fallback_group,not_found_in_toshin_keep_existing
名城大学,57,9999,B级,toshin_hensachi_2026,matched=名城大学
名桜大学,55,9999,B级,toshin_hensachi_2026,matched=名桜大学
周南公立大学,54,9999,C级,toshin_hensachi_2026,matched=周南公立大学
和光大学,55,9999,B级,dynamic_cache,not_found_in_toshin_keep_existing
和歌山信愛短期大学,52,9999,C级,fallback_group,not_found_in_toshin_keep_existing
和歌山大学,58,9999,B级,toshin_hensachi_2026,matched=和歌山大学
和洋女子大学,53,9999,C级,toshin_hensachi_2026,matched=和洋女子大学
嘉悦大学,51,9999,C级,dynamic_cache,not_found_in_toshin_keep_existing
四国大学,46,9999,C级,toshin_hensachi_2026,matched=四国大学
四国大学短期大学部,46,9999,C级,toshin_hensachi_2026,not_found_in_toshin_keep_existing
四天王寺大学,56,9999,B级,toshin_hensachi_2026,matched=四天王寺大学
四日市大学,51,9999,C级,dynamic_cache,not_found_in_toshin_keep_existing
国士舘大学,55,9999,B级,toshin_hensachi_2026,matched=国士舘大学
国学院大学,62,9999,A级,toshin_hensachi_2026,matched=國學院大学
国立音楽大学,53,9999,C级,fallback_group,not_found_in_toshin_keep_existing
国際ファッション専門職大学,51,9999,C级,dynamic_cache,not_found_in_toshin_keep_existing
国際医療福祉大学,58,9999,B级,toshin_hensachi_2026,matched=国際医療福祉大学
国際基督教大学,70,800,S级,toshin_hensachi_2026,matched=国際基督教大学
国際教養大学,63,9999,A级,dynamic_cache,not_found_in_toshin_keep_existing
国際武道大学,51,9999,C级,dynamic_cache,not_found_in_toshin_keep_existing
国際短期大学,52,9999,C级,fallback_group,not_found_in_toshin_keep_existing
園田学園女子大学,52,9999,C级,fallback_group,not_found_in_toshin_keep_existing
城西国際大学,52,9999,C级,toshin_hensachi_2026,matched=城西国際大学
城西大学,50,9999,C级,toshin_hensachi_2026,matched=城西大学
城西短期大学,52,9999,C级,fallback_group,not_found_in_toshin_keep_existing
埼玉大学,62,9999,A级,toshin_hensachi_2026,matched=埼玉大学
埼玉女子短期大学,52,9999,C级,fallback_group,not_found_in_toshin_keep_existing
埼玉工業大学,53,9999,C级,dynamic_cache,not_found_in_toshin_keep_existing
多摩大学,54,9999,C级,toshin_hensachi_2026,matched=多摩大学
多摩美術大学,56,9999,B级,toshin_hensachi_2026,matched=多摩美術大学
大分大学,56,9999,B级,toshin_hensachi_2026,matched=大分大学
大原大学院大学,53,9999,C级,fallback_group,not_found_in_toshin_keep_existing
大同大学,56,9999,B级,toshin_hensachi_2026,matched=大同大学
大和大学,54,9999,C级,toshin_hensachi_2026,matched=大和大学
大妻女子大学,57,9999,B级,toshin_hensachi_2026,matched=大妻女子大学
大手前大学,55,9999,B级,toshin_hensachi_2026,matched=大手前大学
大手前短期大学,52,9999,C级,fallback_group,not_found_in_toshin_keep_existing
大東文化大学,54,9999,C级,toshin_hensachi_2026,matched=大東文化大学
大正大学,56,9999,B级,toshin_hensachi_2026,matched=大正大学
大阪キリスト教短期大学,52,9999,C级,fallback_group,not_found_in_toshin_keep_existing
大阪体育大学,52,9999,C级,fallback_group,not_found_in_toshin_keep_existing
大阪公立大学,63,9999,A级,toshin_hensachi_2026,matched=大阪公立大学
大阪医科薬科大学,58,9999,B级,toshin_hensachi_2026,matched=大阪医科薬科大学
大阪商業大学,51,9999,C级,dynamic_cache,not_found_in_toshin_keep_existing
大阪国際大学,51,9999,C级,dynamic_cache,not_found_in_toshin_keep_existing
大阪国際大学短期大学部,51,9999,C级,dynamic_cache,not_found_in_toshin_keep_existing
大阪夕陽丘学園短期大学,52,9999,C级,fallback_group,not_found_in_toshin_keep_existing
大阪大学,66,86,S级,toshin_hensachi_2026,matched=大阪大学
大阪大谷大学,54,9999,C级,toshin_hensachi_2026,matched=大阪大谷大学
大阪女学院大学,51,9999,C级,dynamic_cache,not_found_in_toshin_keep_existing
大阪女学院短期大学,52,9999,C级,fallback_group,not_found_in_toshin_keep_existing
大阪学院大学,51,9999,C级,dynamic_cache,not_found_in_toshin_keep_existing
大阪工業大学,54,9999,C级,toshin_hensachi_2026,matched=大阪工業大学
大阪成蹊短期大学,52,9999,C级,fallback_group,not_found_in_toshin_keep_existing
大阪教育大学,59,9999,B级,toshin_hensachi_2026,matched=大阪教育大学
大阪樟蔭女子大学,52,9999,C级,fallback_group,not_found_in_toshin_keep_existing
大阪歯科大学,65,9999,S级,toshin_hensachi_2026,matched=大阪歯科大学
大阪産業大学,51,9999,C级,dynamic_cache,not_found_in_toshin_keep_existing
大阪経済大学,56,9999,B级,toshin_hensachi_2026,matched=大阪経済大学
大阪経済法科大学,55,9999,B级,toshin_hensachi_2026,matched=大阪経済法科大学
大阪芸術大学,54,9999,C级,dynamic_cache,not_found_in_toshin_keep_existing
大阪芸術大学短期大学部,54,9999,C级,dynamic_cache,not_found_in_toshin_keep_existing
大阪観光大学,52,9999,C级,dynamic_cache,not_found_in_toshin_keep_existing
大阪音楽大学,52,9999,C级,fallback_group,not_found_in_toshin_keep_existing
大阪音楽大学短期大学部,52,9999,C级,fallback_group,not_found_in_toshin_keep_existing
天理大学,53,9999,C级,toshin_hensachi_2026,matched=天理大学
太成学院大学,51,9999,C级,dynamic_cache,not_found_in_toshin_keep_existing
奈良先端科学技術大学院大学,53,9999,C级,fallback_group,not_found_in_toshin_keep_existing
奈良大学,52,9999,C级,dynamic_cache,not_found_in_toshin_keep_existing
奈良女子大学,62,9999,A级,toshin_hensachi_2026,matched=奈良女子大学
奈良教育大学,58,9999,B级,toshin_hensachi_2026,matched=奈良教育大学
女子栄養大学,52,9999,C级,fallback_group,not_found_in_toshin_keep_existing
女子美術大学,57,9999,B级,dynamic_cache,not_found_in_toshin_keep_existing
女子美術大学短期大学部,57,9999,B级,dynamic_cache,not_found_in_toshin_keep_existing
姫路独協大学,57,9999,B级,dynamic_cache,not_found_in_toshin_keep_existing
学習院大学,64,1000,A级,toshin_hensachi_2026,matched=学習院大学
学習院女子大学,60,9999,A级,dynamic_cache,not_found_in_toshin_keep_existing
宇部フロンティア大学,52,9999,C级,fallback_group,not_found_in_toshin_keep_existing
宇都宮共和大学,52,9999,C级,fallback_group,not_found_in_toshin_keep_existing
宇都宮大学,58,9999,B级,toshin_hensachi_2026,matched=宇都宮大学
安田女子大学,52,9999,C级,toshin_hensachi_2026,matched=安田女子大学
宝塚医療大学,52,9999,C级,fallback_group,not_found_in_toshin_keep_existing
宝塚大学,51,9999,C级,dynamic_cache,not_found_in_toshin_keep_existing
室蘭工業大学,52,9999,C级,toshin_hensachi_2026,matched=室蘭工業大学
宮城大学,56,9999,B级,toshin_hensachi_2026,matched=宮城大学
宮城学院女子大学,51,9999,C级,toshin_hensachi_2026,matched=宮城学院女子大学
宮崎公立大学,58,9999,B级,toshin_hensachi_2026,matched=宮崎公立大学
宮崎国際大学,52,9999,C级,fallback_group,not_found_in_toshin_keep_existing
宮崎大学,56,9999,B级,toshin_hensachi_2026,matched=宮崎大学
富士大学,52,9999,C级,fallback_group,not_found_in_toshin_keep_existing
富山国際大学,52,9999,C级,fallback_group,not_found_in_toshin_keep_existing
富山大学,58,9999,B级,toshin_hensachi_2026,matched=富山大学
富山県立大学,56,9999,B级,toshin_hensachi_2026,matched=富山県立大学
専修大学,60,9999,A级,toshin_hensachi_2026,matched=専修大学
小樽商科大学,59,9999,B级,toshin_hensachi_2026,matched=小樽商科大学
尚絅学院大学,52,9999,C级,toshin_hensachi_2026,matched=尚絅学院大学
尚美学園大学,51,9999,C级,dynamic_cache,not_found_in_toshin_keep_existing
就実大学,54,9999,C级,toshin_hensachi_2026,matched=就実大学
尾道市立大学,57,9999,B级,toshin_hensachi_2026,matched=尾道市立大学
山口大学,57,9999,B级,toshin_hensachi_2026,matched=山口大学
山口東京理科大学,60,700,A级,fallback_non_toshin,not_found_in_toshin_keep_existing
山口県立大学,58,9999,B级,toshin_hensachi_2026,matched=山口県立大学
山形大学,56,9999,B级,toshin_hensachi_2026,matched=山形大学
山梨大学,58,9999,B级,toshin_hensachi_2026,matched=山梨大学
山梨学院大学,48,9999,C级,toshin_hensachi_2026,matched=山梨学院大学
山梨県立大学,60,9999,A级,toshin_hensachi_2026,matched=山梨県立大学
山梨英和大学,44,9999,C级,toshin_hensachi_2026,matched=山梨英和大学
山野美容芸術短期大学,52,9999,C级,fallback_group,not_found_in_toshin_keep_existing
山陽学園大学,51,9999,C级,dynamic_cache,not_found_in_toshin_keep_existing
山陽小野田市立山口東京理科大学,64,700,A级,toshin_hensachi_2026,matched=山陽小野田市立山口東京理科大学
岐阜協立大学,52,9999,C级,fallback_group,not_found_in_toshin_keep_existing
岐阜大学,60,9999,A级,toshin_hensachi_2026,matched=岐阜大学
岐阜経済大学,52,9999,C级,fallback_group,not_found_in_toshin_keep_existing
岐阜聖徳学園大学,55,9999,B级,toshin_hensachi_2026,matched=岐阜聖徳学園大学
岡山商科大学,51,9999,C级,dynamic_cache,not_found_in_toshin_keep_existing
岡山大学,61,600,A级,toshin_hensachi_2026,matched=岡山大学
岡山理科大学,52,9999,C级,toshin_hensachi_2026,matched=岡山理科大学
岡山県立大学,56,9999,B级,toshin_hensachi_2026,matched=岡山県立大学
岩手大学,57,9999,B级,toshin_hensachi_2026,matched=岩手大学
島根大学,57,9999,B级,toshin_hensachi_2026,matched=島根大学
崇城大学,58,9999,B级,toshin_hensachi_2026,matched=崇城大学
嵯峨美術大学,52,9999,C级,fallback_group,not_found_in_toshin_keep_existing
工学院大学,63,9999,A级,toshin_hensachi_2026,matched=工学院大学
帝京大学,56,9999,B级,toshin_hensachi_2026,matched=帝京大学
帝京平成大学,53,9999,C级,toshin_hensachi_2026,matched=帝京平成大学
帝京科学大学,58,9999,B级,toshin_hensachi_2026,matched=帝京科学大学
帝塚山大学,52,9999,C级,toshin_hensachi_2026,matched=帝塚山大学
帯広畜産大学,61,9999,A级,toshin_hensachi_2026,matched=帯広畜産大学
常磐大学,52,9999,C级,fallback_group,not_found_in_toshin_keep_existing
常葉大学,56,9999,B级,toshin_hensachi_2026,matched=常葉大学
平安女学院大学,51,9999,C级,dynamic_cache,not_found_in_toshin_keep_existing
平成国際大学,52,9999,C级,fallback_group,not_found_in_toshin_keep_existing
平成音楽大学,52,9999,C级,fallback_group,not_found_in_toshin_keep_existing
広島修道大学,53,9999,C级,toshin_hensachi_2026,matched=広島修道大学
広島国際大学,54,9999,C级,toshin_hensachi_2026,matched=広島国際大学
広島国際学院大学,51,9999,C级,dynamic_cache,not_found_in_toshin_keep_existing
広島大学,62,500,A级,toshin_hensachi_2026,matched=広島大学
広島女学院大学,51,9999,C级,dynamic_cache,not_found_in_toshin_keep_existing
広島工業大学,54,9999,C级,toshin_hensachi_2026,matched=広島工業大学
広島市立大学,58,9999,B级,toshin_hensachi_2026,matched=広島市立大学
広島経済大学,51,9999,C级,dynamic_cache,not_found_in_toshin_keep_existing
弘前大学,56,9999,B级,toshin_hensachi_2026,matched=弘前大学
弘前学院大学,52,9999,C级,fallback_group,not_found_in_toshin_keep_existing
徳山大学,52,9999,C级,fallback_group,not_found_in_toshin_keep_existing
徳島大学,60,9999,A级,toshin_hensachi_2026,matched=徳島大学
徳島工業短期大学,52,9999,C级,fallback_group,not_found_in_toshin_keep_existing
徳島文理大学,44,9999,C级,toshin_hensachi_2026,matched=徳島文理大学
志学館大学,52,9999,C级,fallback_group,not_found_in_toshin_keep_existing
恵泉女学園大学,55,9999,B级,dynamic_cache,not_found_in_toshin_keep_existing
情報セキュリティ大学院大学,53,9999,C级,fallback_group,not_found_in_toshin_keep_existing
情報科学芸術大学院大学,53,9999,C级,fallback_group,not_found_in_toshin_keep_existing
情報経営イノベーション専門職大学,53,9999,C级,dynamic_cache,not_found_in_toshin_keep_existing
愛国学園大学,51,9999,C级,dynamic_cache,not_found_in_toshin_keep_existing
愛媛大学,58,9999,B级,toshin_hensachi_2026,matched=愛媛大学
愛知大学,58,9999,B级,toshin_hensachi_2026,matched=愛知大学
愛知学院大学,53,9999,C级,toshin_hensachi_2026,matched=愛知学院大学
愛知工科大学,51,9999,C级,dynamic_cache,not_found_in_toshin_keep_existing
愛知工科大学自動車短期大学,51,9999,C级,dynamic_cache,not_found_in_toshin_keep_existing
愛知教育大学,57,9999,B级,toshin_hensachi_2026,matched=愛知教育大学
愛知東邦大学,52,9999,C级,fallback_group,not_found_in_toshin_keep_existing
愛知産業大学,51,9999,C级,dynamic_cache,not_found_in_toshin_keep_existing
愛知県立大学,60,9999,A级,toshin_hensachi_2026,matched=愛知県立大学
愛知県立芸術大学,56,9999,B级,toshin_hensachi_2026,matched=愛知県立芸術大学
慶應義塾大学,71,188,S级,toshin_hensachi_2026,matched=慶應義塾大学
成城大学,61,9999,A级,toshin_hensachi_2026,matched=成城大学
成安造形大学,51,9999,C级,dynamic_cache,not_found_in_toshin_keep_existing
成蹊大学,64,9999,A级,toshin_hensachi_2026,matched=成蹊大学
戸板女子短期大学,52,9999,C级,fallback_group,not_found_in_toshin_keep_existing
折尾愛真短期大学,52,9999,C级,fallback_group,not_found_in_toshin_keep_existing
拓殖大学,52,9999,C级,toshin_hensachi_2026,matched=拓殖大学
拓殖大学北海道短期大学,52,9999,C级,toshin_hensachi_2026,not_found_in_toshin_keep_existing
摂南大学,52,9999,C级,toshin_hensachi_2026,matched=摂南大学
敬和学園大学,52,9999,C级,fallback_group,not_found_in_toshin_keep_existing
敬愛大学,51,9999,C级,dynamic_cache,not_found_in_toshin_keep_existing
文京学院大学,52,9999,C级,toshin_hensachi_2026,matched=文京学院大学
文化ファッション大学院大学,53,9999,C级,fallback_group,not_found_in_toshin_keep_existing
文化学園大学,54,9999,C级,dynamic_cache,not_found_in_toshin_keep_existing
文教大学,61,9999,A级,toshin_hensachi_2026,matched=文教大学
文星芸術大学,53,9999,C级,dynamic_cache,not_found_in_toshin_keep_existing
新潟医療福祉大学,50,9999,C级,toshin_hensachi_2026,matched=新潟医療福祉大学
新潟大学,60,9999,A级,toshin_hensachi_2026,matched=新潟大学
新潟工業短期大学,52,9999,C级,fallback_group,not_found_in_toshin_keep_existing
新潟工科大学,52,9999,C级,fallback_group,not_found_in_toshin_keep_existing
新潟産業大学,51,9999,C级,dynamic_cache,not_found_in_toshin_keep_existing
新潟県立大学,53,9999,C级,fallback_group,not_found_in_toshin_keep_existing
新潟経営大学,52,9999,C级,fallback_group,not_found_in_toshin_keep_existing
新潟食料農業大学,51,9999,C级,dynamic_cache,not_found_in_toshin_keep_existing
日本体育大学,55,9999,B级,toshin_hensachi_2026,matched=日本体育大学
日本医科大学,70,9999,S级,toshin_hensachi_2026,matched=日本医科大学
日本国際学園大学,51,9999,C级,dynamic_cache,not_found_in_toshin_keep_existing
日本大学,58,9999,B级,toshin_hensachi_2026,matched=日本大学
日本女子体育大学,52,9999,C级,fallback_group,not_found_in_toshin_keep_existing
日本女子大学,60,9999,A级,toshin_hensachi_2026,matched=日本女子大学
日本工業大学,50,9999,C级,toshin_hensachi_2026,matched=日本工業大学
日本文理大学,47,9999,C级,toshin_hensachi_2026,matched=日本文理大学
日本映画大学,53,9999,C级,dynamic_cache,not_found_in_toshin_keep_existing
日本歯科大学,55,9999,B级,toshin_hensachi_2026,matched=日本歯科大学
日本獣医生命科学大学,57,9999,B级,toshin_hensachi_2026,matched=日本獣医生命科学大学
日本社会事業大学,46,9999,C级,toshin_hensachi_2026,matched=日本社会事業大学
日本福祉大学,54,9999,C级,toshin_hensachi_2026,matched=日本福祉大学
日本経済大学,51,9999,C级,dynamic_cache,not_found_in_toshin_keep_existing
日本薬科大学,51,9999,C级,dynamic_cache,not_found_in_toshin_keep_existing
早稲田大学,70,181,S级,toshin_hensachi_2026,matched=早稲田大学
旭川医科大学,63,9999,A级,toshin_hensachi_2026,matched=旭川医科大学
旭川大学,52,9999,C级,fallback_group,not_found_in_toshin_keep_existing
旭川市立大学,55,9999,B级,toshin_hensachi_2026,matched=旭川市立大学
明星大学,56,9999,B级,toshin_hensachi_2026,matched=明星大学
明治国際医療大学,52,9999,C级,fallback_group,not_found_in_toshin_keep_existing
明治大学,68,800,S级,toshin_hensachi_2026,matched=明治大学
明治学院大学,62,9999,A级,toshin_hensachi_2026,matched=明治学院大学
明治薬科大学,60,9999,A级,toshin_hensachi_2026,matched=明治薬科大学
明海大学,53,9999,C级,toshin_hensachi_2026,matched=明海大学
星城大学,53,9999,C级,toshin_hensachi_2026,matched=星城大学
星槎道都大学,52,9999,C级,fallback_group,not_found_in_toshin_keep_existing
星薬科大学,62,9999,A级,toshin_hensachi_2026,matched=星薬科大学
昭和大学,52,9999,C级,fallback_group,not_found_in_toshin_keep_existing
昭和女子大学,59,9999,B级,toshin_hensachi_2026,matched=昭和女子大学
昭和薬科大学,58,9999,B级,toshin_hensachi_2026,matched=昭和薬科大学
昭和音楽大学,52,9999,C级,toshin_hensachi_2026,matched=昭和音楽大学
昭和音楽大学短期大学部,52,9999,C级,toshin_hensachi_2026,not_found_in_toshin_keep_existing
朝日大学,52,9999,C级,fallback_group,not_found_in_toshin_keep_existing
札幌医科大学,60,9999,A级,toshin_hensachi_2026,matched=札幌医科大学
札幌国際大学,51,9999,C级,dynamic_cache,not_found_in_toshin_keep_existing
札幌大学,46,9999,C级,toshin_hensachi_2026,matched=札幌大学
札幌大谷大学,52,9999,C级,fallback_group,not_found_in_toshin_keep_existing
札幌学院大学,50,9999,C级,toshin_hensachi_2026,matched=札幌学院大学
札幌市立大学,56,9999,B级,toshin_hensachi_2026,matched=札幌市立大学
杉野服飾大学,51,9999,C级,dynamic_cache,not_found_in_toshin_keep_existing
杏林大学,59,9999,B级,toshin_hensachi_2026,matched=杏林大学
東亜大学,51,9999,C级,dynamic_cache,not_found_in_toshin_keep_existing
東京国際大学,52,9999,C级,toshin_hensachi_2026,matched=東京国際大学
東京国際工科専門職大学,52,9999,C级,dynamic_cache,not_found_in_toshin_keep_existing
東京基督教大学,52,9999,C级,fallback_group,not_found_in_toshin_keep_existing
東京外国語大学,67,800,S级,toshin_hensachi_2026,matched=東京外国語大学
東京大学,72,32,S级,toshin_hensachi_2026,matched=東京大学
東京女子大学,59,9999,B级,toshin_hensachi_2026,matched=東京女子大学
東京学芸大学,60,9999,A级,toshin_hensachi_2026,matched=東京学芸大学
東京家政大学,57,9999,B级,toshin_hensachi_2026,matched=東京家政大学
東京家政学院大学,52,9999,C级,toshin_hensachi_2026,matched=東京家政学院大学
東京富士大学,52,9999,C级,fallback_group,not_found_in_toshin_keep_existing
東京工科大学,58,9999,B级,toshin_hensachi_2026,matched=東京工科大学
東京工芸大学,54,9999,C级,toshin_hensachi_2026,matched=東京工芸大学
東京情報大学,52,9999,C级,dynamic_cache,not_found_in_toshin_keep_existing
東京慈恵会医科大学,65,9999,S级,toshin_hensachi_2026,matched=東京慈恵会医科大学
東京成徳大学,54,9999,C级,toshin_hensachi_2026,matched=東京成徳大学
東京未来大学,52,9999,C级,fallback_group,not_found_in_toshin_keep_existing
東京歯科大学,63,9999,A级,toshin_hensachi_2026,matched=東京歯科大学
東京海洋大学,62,9999,A级,toshin_hensachi_2026,matched=東京海洋大学
東京理科大学,68,700,S级,toshin_hensachi_2026,matched=東京理科大学
東京福祉大学,44,9999,C级,toshin_hensachi_2026,matched=東京福祉大学
東京科学大学,67,9999,S级,toshin_hensachi_2026,matched=東京科学大学
東京立正短期大学,52,9999,C级,fallback_group,not_found_in_toshin_keep_existing
東京純心大学,52,9999,C级,fallback_group,not_found_in_toshin_keep_existing
東京経営短期大学,52,9999,C级,fallback_group,not_found_in_toshin_keep_existing
東京経済大学,57,9999,B级,toshin_hensachi_2026,matched=東京経済大学
東京芸術大学,57,9999,B级,toshin_hensachi_2026,matched=東京芸術大学
東京薬科大学,59,9999,B级,toshin_hensachi_2026,matched=東京薬科大学
東京農工大学,63,9999,A级,toshin_hensachi_2026,matched=東京農工大学
東京農業大学,56,9999,B级,toshin_hensachi_2026,matched=東京農業大学
東京造形大学,59,9999,B级,toshin_hensachi_2026,matched=東京造形大学
東京都市大学,60,9999,A级,toshin_hensachi_2026,matched=東京都市大学
東京都立大学,64,700,A级,toshin_hensachi_2026,matched=東京都立大学
東京都立産業技術大学院大学,53,9999,C级,fallback_group,not_found_in_toshin_keep_existing
東京電機大学,60,9999,A级,toshin_hensachi_2026,matched=東京電機大学
東京音楽大学,53,9999,C级,toshin_hensachi_2026,matched=東京音楽大学
東北公益文科大学,52,9999,C级,fallback_group,not_found_in_toshin_keep_existing
東北大学,66,107,S级,toshin_hensachi_2026,matched=東北大学
東北学院大学,56,9999,B级,toshin_hensachi_2026,matched=東北学院大学
東北工業大学,52,9999,C级,toshin_hensachi_2026,matched=東北工業大学
東北福祉大学,58,9999,B级,toshin_hensachi_2026,matched=東北福祉大学
東北芸術工科大学,52,9999,C级,fallback_group,not_found_in_toshin_keep_existing
東日本国際大学,51,9999,C级,dynamic_cache,not_found_in_toshin_keep_existing
東洋大学,60,9999,A级,toshin_hensachi_2026,matched=東洋大学
東洋学園大学,52,9999,C级,dynamic_cache,not_found_in_toshin_keep_existing
東洋英和女学院大学,54,9999,C级,toshin_hensachi_2026,matched=東洋英和女学院大学
東海大学,57,9999,B级,toshin_hensachi_2026,matched=東海大学
東海学園大学,49,9999,C级,toshin_hensachi_2026,matched=東海学園大学
東邦大学,55,9999,B级,toshin_hensachi_2026,matched=東邦大学
東邦音楽大学,52,9999,C级,fallback_group,not_found_in_toshin_keep_existing
松山大学,49,9999,C级,toshin_hensachi_2026,matched=松山大学
松本大学,51,9999,C级,dynamic_cache,not_found_in_toshin_keep_existing
松本歯科大学,51,9999,C级,toshin_hensachi_2026,matched=松本歯科大学
松蔭大学,53,9999,C级,dynamic_cache,not_found_in_toshin_keep_existing
桃山学院大学,56,9999,B级,toshin_hensachi_2026,matched=桃山学院大学
桐朋学園大学,52,9999,C级,fallback_group,not_found_in_toshin_keep_existing
桜美林大学,55,9999,B级,toshin_hensachi_2026,matched=桜美林大学
梅光学院大学,51,9999,C级,dynamic_cache,not_found_in_toshin_keep_existing
梅花女子大学,52,9999,C级,fallback_group,not_found_in_toshin_keep_existing
椙山女学園大学,51,9999,C级,toshin_hensachi_2026,matched=椙山女学園大学
横浜商科大学,51,9999,C级,dynamic_cache,not_found_in_toshin_keep_existing
横浜国立大学,65,600,S级,toshin_hensachi_2026,matched=横浜国立大学
横浜市立大学,62,9999,A级,toshin_hensachi_2026,matched=横浜市立大学
横浜美術大学,51,9999,C级,dynamic_cache,not_found_in_toshin_keep_existing
横浜薬科大学,52,9999,C级,fallback_group,not_found_in_toshin_keep_existing
武庫川女子大学,58,9999,B级,toshin_hensachi_2026,matched=武庫川女子大学
武庫川女子大学短期大学部,58,9999,B级,toshin_hensachi_2026,not_found_in_toshin_keep_existing
武蔵大学,62,9999,A级,toshin_hensachi_2026,matched=武蔵大学
武蔵野大学,58,9999,B级,toshin_hensachi_2026,matched=武蔵野大学
武蔵野学院大学,52,9999,C级,fallback_group,not_found_in_toshin_keep_existing
武蔵野美術大学,56,9999,B级,toshin_hensachi_2026,matched=武蔵野美術大学
武蔵野音楽大学,46,9999,C级,toshin_hensachi_2026,matched=武蔵野音楽大学
比治山大学,51,9999,C级,dynamic_cache,not_found_in_toshin_keep_existing
江戸川大学,55,9999,B级,dynamic_cache,not_found_in_toshin_keep_existing
沖縄国際大学,51,9999,C级,toshin_hensachi_2026,matched=沖縄国際大学
沖縄大学,49,9999,C级,toshin_hensachi_2026,matched=沖縄大学
沖縄県立芸術大学,57,9999,B级,toshin_hensachi_2026,matched=沖縄県立芸術大学
法政大学,66,800,S级,toshin_hensachi_2026,matched=法政大学
洗足学園音楽大学,51,9999,C级,dynamic_cache,not_found_in_toshin_keep_existing
津田塾大学,61,9999,A级,toshin_hensachi_2026,matched=津田塾大学
活水女子大学,52,9999,C级,fallback_group,not_found_in_toshin_keep_existing
流通科学大学,52,9999,C级,toshin_hensachi_2026,matched=流通科学大学
流通経済大学,53,9999,C级,toshin_hensachi_2026,matched=流通経済大学
浦和大学,52,9999,C级,fallback_group,not_found_in_toshin_keep_existing
淑徳大学,49,9999,C级,toshin_hensachi_2026,matched=淑徳大学
清泉女子大学,58,9999,B级,toshin_hensachi_2026,matched=清泉女子大学
湘南工科大学,54,9999,C级,dynamic_cache,not_found_in_toshin_keep_existing
滋賀大学,63,9999,A级,toshin_hensachi_2026,matched=滋賀大学
滋賀県立大学,59,9999,B级,toshin_hensachi_2026,matched=滋賀県立大学
熊本大学,58,9999,B级,toshin_hensachi_2026,matched=熊本大学
熊本学園大学,48,9999,C级,toshin_hensachi_2026,matched=熊本学園大学
熊本県立大学,57,9999,B级,toshin_hensachi_2026,matched=熊本県立大学
独協医科大学,52,9999,C级,fallback_group,not_found_in_toshin_keep_existing
独協大学,57,9999,B级,dynamic_cache,not_found_in_toshin_keep_existing
玉川大学,58,9999,B级,toshin_hensachi_2026,matched=玉川大学
琉球大学,56,9999,B级,toshin_hensachi_2026,matched=琉球大学
環太平洋大学,51,9999,C级,dynamic_cache,not_found_in_toshin_keep_existing
産業能率大学,58,9999,B级,toshin_hensachi_2026,matched=産業能率大学
甲南大学,58,9999,B级,toshin_hensachi_2026,matched=甲南大学
甲南女子大学,54,9999,C级,toshin_hensachi_2026,matched=甲南女子大学
白鴎大学,55,9999,B级,toshin_hensachi_2026,matched=白鴎大学
盛岡大学,50,9999,C级,toshin_hensachi_2026,matched=盛岡大学
目白大学,55,9999,B级,toshin_hensachi_2026,matched=目白大学
相愛大学,47,9999,C级,toshin_hensachi_2026,matched=相愛大学
県立広島大学,56,500,B级,toshin_hensachi_2026,matched=県立広島大学
石川県立大学,56,9999,B级,toshin_hensachi_2026,matched=石川県立大学
神奈川大学,53,9999,C级,toshin_hensachi_2026,matched=神奈川大学
神奈川工科大学,55,9999,B级,toshin_hensachi_2026,matched=神奈川工科大学
神奈川歯科大学,58,9999,B级,dynamic_cache,not_found_in_toshin_keep_existing
神奈川歯科大学短期大学部,58,9999,B级,dynamic_cache,not_found_in_toshin_keep_existing
神奈川県立保健福祉大学,60,9999,A级,toshin_hensachi_2026,matched=神奈川県立保健福祉大学
神戸医療未来大学,52,9999,C级,fallback_group,not_found_in_toshin_keep_existing
神戸医療福祉大学,51,9999,C级,dynamic_cache,not_found_in_toshin_keep_existing
神戸国際大学,53,9999,C级,dynamic_cache,not_found_in_toshin_keep_existing
神戸大学,65,400,S级,toshin_hensachi_2026,matched=神戸大学
神戸女子大学,57,9999,B级,toshin_hensachi_2026,matched=神戸女子大学
神戸女学院大学,55,9999,B级,toshin_hensachi_2026,matched=神戸女学院大学
神戸学院大学,52,9999,C级,toshin_hensachi_2026,matched=神戸学院大学
神戸山手大学,51,9999,C级,dynamic_cache,not_found_in_toshin_keep_existing
神戸市外国語大学,65,9999,S级,toshin_hensachi_2026,matched=神戸市外国語大学
神戸常盤大学,52,9999,C级,fallback_group,not_found_in_toshin_keep_existing
神戸情報大学院大学,53,9999,C级,fallback_group,not_found_in_toshin_keep_existing
神戸芸術工科大学,51,9999,C级,dynamic_cache,not_found_in_toshin_keep_existing
神戸親和大学,52,9999,C级,fallback_group,not_found_in_toshin_keep_existing
神戸親和女子大学,52,9999,C级,fallback_group,not_found_in_toshin_keep_existing
神田外語大学,58,9999,B级,toshin_hensachi_2026,matched=神田外語大学
福井大学,58,9999,B级,toshin_hensachi_2026,matched=福井大学
福井工業大学,52,9999,C级,dynamic_cache,not_found_in_toshin_keep_existing
福井県立大学,57,9999,B级,toshin_hensachi_2026,matched=福井県立大学
福山大学,51,9999,C级,dynamic_cache,not_found_in_toshin_keep_existing
福山市立大学,56,9999,B级,toshin_hensachi_2026,matched=福山市立大学
福山平成大学,52,9999,C级,fallback_group,not_found_in_toshin_keep_existing
福岡大学,55,9999,B级,toshin_hensachi_2026,matched=福岡大学
福岡女子大学,58,9999,B级,toshin_hensachi_2026,matched=福岡女子大学
福岡女学院大学,48,9999,C级,toshin_hensachi_2026,matched=福岡女学院大学
福岡女学院大学短期大学部,48,9999,C级,toshin_hensachi_2026,not_found_in_toshin_keep_existing
福岡工業大学,52,9999,C级,toshin_hensachi_2026,matched=福岡工業大学
福岡工業大学短期大学部,52,9999,C级,toshin_hensachi_2026,not_found_in_toshin_keep_existing
福岡教育大学,57,9999,B级,toshin_hensachi_2026,matched=福岡教育大学
福島大学,56,9999,B级,toshin_hensachi_2026,matched=福島大学
秀明大学,51,9999,C级,dynamic_cache,not_found_in_toshin_keep_existing
秋田公立美術大学,58,9999,B级,toshin_hensachi_2026,matched=秋田公立美術大学
秋田大学,56,9999,B级,toshin_hensachi_2026,matched=秋田大学
稚内北星学園大学,55,9999,B级,toshin_hensachi_2026,not_found_in_toshin_keep_existing
種智院大学,52,9999,C级,fallback_group,not_found_in_toshin_keep_existing
立命館アジア太平洋大学,63,9999,A级,toshin_hensachi_2026,matched=立命館アジア太平洋大学
立命館大学,65,1000,S级,toshin_hensachi_2026,matched=立命館大学
立教大学,68,800,S级,toshin_hensachi_2026,matched=立教大学
立正大学,57,9999,B级,toshin_hensachi_2026,matched=立正大学
第一工業大学,51,9999,C级,dynamic_cache,not_found_in_toshin_keep_existing
第一工科大学,51,9999,C级,dynamic_cache,not_found_in_toshin_keep_existing
筑波大学,65,377,S级,toshin_hensachi_2026,matched=筑波大学
筑波学院大学,51,9999,C级,dynamic_cache,not_found_in_toshin_keep_existing
筑紫女学園大学,44,9999,C级,toshin_hensachi_2026,matched=筑紫女学園大学
美作大学短期大学部,52,9999,C级,fallback_group,not_found_in_toshin_keep_existing
群馬大学,58,9999,B级,toshin_hensachi_2026,matched=群馬大学
群馬県立女子大学,62,9999,A级,toshin_hensachi_2026,matched=群馬県立女子大学
羽衣国際大学,51,9999,C级,dynamic_cache,not_found_in_toshin_keep_existing
聖学院大学,51,9999,C级,dynamic_cache,not_found_in_toshin_keep_existing
聖徳大学,53,9999,C级,toshin_hensachi_2026,matched=聖徳大学
聖心女子大学,54,9999,C级,toshin_hensachi_2026,matched=聖心女子大学
聖泉大学,51,9999,C级,dynamic_cache,not_found_in_toshin_keep_existing
育英館大学,52,9999,C级,fallback_group,not_found_in_toshin_keep_existing
至誠館大学,51,9999,C级,dynamic_cache,not_found_in_toshin_keep_existing
芝浦工業大学,63,9999,A级,toshin_hensachi_2026,matched=芝浦工業大学
芦屋大学,51,9999,C级,dynamic_cache,not_found_in_toshin_keep_existing
花園大学,51,9999,C级,dynamic_cache,not_found_in_toshin_keep_existing
茨城大学,59,9999,B级,toshin_hensachi_2026,matched=茨城大学
西南女学院大学,45,9999,C级,toshin_hensachi_2026,matched=西南女学院大学
西南学院大学,60,9999,A级,toshin_hensachi_2026,matched=西南学院大学
西日本工業大学,50,9999,C级,toshin_hensachi_2026,not_found_in_toshin_keep_existing
西日本短期大学,52,9999,C级,fallback_group,not_found_in_toshin_keep_existing
西武文理大学,51,9999,C级,dynamic_cache,not_found_in_toshin_keep_existing
諏訪東京理科大学,60,700,A级,fallback_non_toshin,not_found_in_toshin_keep_existing
豊橋創造大学,56,9999,B级,toshin_hensachi_2026,matched=豊橋創造大学
豊橋技術科学大学,58,9999,B级,toshin_hensachi_2026,matched=豊橋技術科学大学
足利大学,51,9999,C级,dynamic_cache,not_found_in_toshin_keep_existing
跡見学園女子大学,46,9999,C级,toshin_hensachi_2026,matched=跡見学園女子大学
身延山大学,52,9999,C级,fallback_group,not_found_in_toshin_keep_existing
近畿大学,58,9999,B级,toshin_hensachi_2026,matched=近畿大学
追手門学院大学,54,9999,C级,toshin_hensachi_2026,matched=追手門学院大学
都留文科大学,64,9999,A级,toshin_hensachi_2026,matched=都留文科大学
酪農学園大学,55,9999,B级,toshin_hensachi_2026,matched=酪農学園大学
金城学院大学,54,9999,C级,toshin_hensachi_2026,matched=金城学院大学
金沢大学,61,600,A级,toshin_hensachi_2026,matched=金沢大学
金沢工業大学,53,9999,C级,toshin_hensachi_2026,matched=金沢工業大学
金沢美術工芸大学,58,9999,B级,toshin_hensachi_2026,matched=金沢美術工芸大学
鈴鹿医療科学大学,56,9999,B级,toshin_hensachi_2026,matched=鈴鹿医療科学大学
鈴鹿大学,52,9999,C级,fallback_group,not_found_in_toshin_keep_existing
鎮西学院大学,52,9999,C级,fallback_group,not_found_in_toshin_keep_existing
長岡技術科学大学,55,9999,B级,toshin_hensachi_2026,matched=長岡技術科学大学
長岡造形大学,59,9999,B级,toshin_hensachi_2026,matched=長岡造形大学
長崎ウエスレヤン大学,52,9999,C级,fallback_group,not_found_in_toshin_keep_existing
長崎国際大学,44,9999,C级,toshin_hensachi_2026,matched=長崎国際大学
長崎外国語大学,52,9999,C级,fallback_group,not_found_in_toshin_keep_existing
長崎大学,58,9999,B级,toshin_hensachi_2026,matched=長崎大学
長崎県立大学,56,9999,B级,toshin_hensachi_2026,matched=長崎県立大学
長崎総合科学大学,51,9999,C级,dynamic_cache,not_found_in_toshin_keep_existing
長浜バイオ大学,56,9999,B级,toshin_hensachi_2026,matched=長浜バイオ大学
長野大学,63,9999,A级,toshin_hensachi_2026,matched=長野大学
長野県立大学,60,9999,A级,toshin_hensachi_2026,matched=長野県立大学
開志専門職大学,52,9999,C级,fallback_group,not_found_in_toshin_keep_existing
開智国際大学,51,9999,C级,dynamic_cache,not_found_in_toshin_keep_existing
関東学園大学,51,9999,C级,dynamic_cache,not_found_in_toshin_keep_existing
関東学院大学,55,9999,B级,toshin_hensachi_2026,matched=関東学院大学
関西医科大学,60,9999,A级,toshin_hensachi_2026,matched=関西医科大学
関西国際大学,51,9999,C级,dynamic_cache,not_found_in_toshin_keep_existing
関西外国語大学,58,9999,B级,toshin_hensachi_2026,matched=関西外国語大学
関西大学,65,1000,S级,toshin_hensachi_2026,matched=関西大学
関西学院大学,64,1000,A级,toshin_hensachi_2026,matched=関西学院大学
阪南大学,55,9999,B级,toshin_hensachi_2026,matched=阪南大学
電気通信大学,63,9999,A级,toshin_hensachi_2026,matched=電気通信大学
青山学院大学,67,800,S级,toshin_hensachi_2026,matched=青山学院大学
青森中央学院大学,52,9999,C级,dynamic_cache,not_found_in_toshin_keep_existing
青森公立大学,55,9999,B级,toshin_hensachi_2026,matched=青森公立大学
青森大学,51,9999,C级,dynamic_cache,not_found_in_toshin_keep_existing
静岡大学,60,9999,A级,toshin_hensachi_2026,matched=静岡大学
静岡文化芸術大学,62,9999,A级,toshin_hensachi_2026,matched=静岡文化芸術大学
静岡理工科大学,51,9999,C级,dynamic_cache,not_found_in_toshin_keep_existing
静岡産業大学,51,9999,C级,dynamic_cache,not_found_in_toshin_keep_existing
静岡県立大学,61,9999,A级,toshin_hensachi_2026,matched=静岡県立大学
静岡県立農林環境専門職大学,55,9999,B级,toshin_hensachi_2026,matched=静岡県立農林環境専門職大学
静岡英和学院大学,51,9999,C级,dynamic_cache,not_found_in_toshin_keep_existing
静岡英和学院大学短期大学部,51,9999,C级,dynamic_cache,not_found_in_toshin_keep_existing
順天堂大学,61,9999,A级,toshin_hensachi_2026,matched=順天堂大学
香川大学,58,9999,B级,toshin_hensachi_2026,matched=香川大学
香川短期大学,52,9999,C级,fallback_group,not_found_in_toshin_keep_existing
香蘭女子短期大学,51,9999,C级,dynamic_cache,not_found_in_toshin_keep_existing
駒沢大学,59,9999,B级,toshin_hensachi_2026,matched=駒澤大学
駒沢女子大学,53,9999,C级,toshin_hensachi_2026,matched=駒沢女子大学
駿河台大学,54,9999,C级,toshin_hensachi_2026,matched=駿河台大学
高千穂大学,51,9999,C级,toshin_hensachi_2026,matched=高千穂大学
高山自動車短期大学,52,9999,C级,fallback_group,not_found_in_toshin_keep_existing
高岡法科大学,52,9999,C级,fallback_group,not_found_in_toshin_keep_existing
高崎健康福祉大学,51,9999,C级,toshin_hensachi_2026,matched=高崎健康福祉大学
高崎商科大学,51,9999,C级,dynamic_cache,not_found_in_toshin_keep_existing
高崎経済大学,60,9999,A级,toshin_hensachi_2026,matched=高崎経済大学
高松大学,44,9999,C级,toshin_hensachi_2026,matched=高松大学
高知大学,57,9999,B级,toshin_hensachi_2026,matched=高知大学
高知県立大学,56,9999,B级,toshin_hensachi_2026,matched=高知県立大学
高野山大学,52,9999,C级,fallback_group,not_found_in_toshin_keep_existing
鳥取大学,56,9999,B级,toshin_hensachi_2026,matched=鳥取大学
鳴門教育大学,52,9999,C级,fallback_group,not_found_in_toshin_keep_existing
鶴見大学,52,9999,C级,fallback_group,not_found_in_toshin_keep_existing
鹿児島国際大学,52,9999,C级,fallback_group,not_found_in_toshin_keep_existing
鹿児島大学,56,9999,B级,toshin_hensachi_2026,matched=鹿児島大学
鹿屋体育大学,57,9999,B级,toshin_hensachi_2026,matched=鹿屋体育大学
麗澤大学,53,9999,C级,toshin_hensachi_2026,matched=麗澤大学
麻布大学,60,9999,A级,toshin_hensachi_2026,matched=麻布大学
龍谷大学,56,9999,B级,toshin_hensachi_2026,matched=龍谷大学
